canonical_path,handoff_path,canonical_sha256,handoff_sha256,status
rekep_repair/__init__.py,rekep_repair_交接_v2/code/rekep_repair/__init__.py,fe1a68fb8ff1ec4352bc78bd90f356934a5aafc2c03ae650ce17272ccd5f131f,fe1a68fb8ff1ec4352bc78bd90f356934a5aafc2c03ae650ce17272ccd5f131f,IDENTICAL
rekep_repair/adapter.py,rekep_repair_交接_v2/code/rekep_repair/adapter.py,3e107ac77fb3bf731881a1e376ede95dbca47f76f8b6bb764d1d73192540a996,3e107ac77fb3bf731881a1e376ede95dbca47f76f8b6bb764d1d73192540a996,IDENTICAL
rekep_repair/benchmark/__init__.py,rekep_repair_交接_v2/code/rekep_repair/benchmark/__init__.py,83bf7e5a95fd97f8fae57408c8a7fb24e9f5329852c495699fa619e3af66bd35,83bf7e5a95fd97f8fae57408c8a7fb24e9f5329852c495699fa619e3af66bd35,IDENTICAL
rekep_repair/benchmark/mismatch.py,rekep_repair_交接_v2/code/rekep_repair/benchmark/mismatch.py,1409c8b97595f12304dd2bcb868495b41a87f1f3c863a5aba26cd1b746669bcd,1409c8b97595f12304dd2bcb868495b41a87f1f3c863a5aba26cd1b746669bcd,IDENTICAL
rekep_repair/benchmark/probe.py,rekep_repair_交接_v2/code/rekep_repair/benchmark/probe.py,30e5fc20bec42bd3905492dd42e04ee1eee756b524788b830ebd58662feb2538,30e5fc20bec42bd3905492dd42e04ee1eee756b524788b830ebd58662feb2538,IDENTICAL
rekep_repair/benchmark/runner.py,rekep_repair_交接_v2/code/rekep_repair/benchmark/runner.py,a67fdf69767bf092c6693072df8cbc064f342ebede83d546c4fbb40ad9cb30da,a67fdf69767bf092c6693072df8cbc064f342ebede83d546c4fbb40ad9cb30da,IDENTICAL
rekep_repair/benchmark/scenes.py,rekep_repair_交接_v2/code/rekep_repair/benchmark/scenes.py,6f1684abcf64892f61699752b24681768692682e2f77d2995869d0e4cc514eab,6f1684abcf64892f61699752b24681768692682e2f77d2995869d0e4cc514eab,IDENTICAL
rekep_repair/benchmark/statistics.py,rekep_repair_交接_v2/code/rekep_repair/benchmark/statistics.py,e691f990b0fea1469aa40741fef25ff1172664b0e387bd9d09f1178dcd30ee43,e691f990b0fea1469aa40741fef25ff1172664b0e387bd9d09f1178dcd30ee43,IDENTICAL
rekep_repair/events/__init__.py,rekep_repair_交接_v2/code/rekep_repair/events/__init__.py,ce3db84991c483bf2bd8a6485373947b315d8a1da7b1901a11e6c9b3a021b769,ce3db84991c483bf2bd8a6485373947b315d8a1da7b1901a11e6c9b3a021b769,IDENTICAL
rekep_repair/events/detector.py,rekep_repair_交接_v2/code/rekep_repair/events/detector.py,b6f0ad69212fdcc29d754be4a13dd31bdeef776e6d99a18678e1c5f4c936c7d1,b6f0ad69212fdcc29d754be4a13dd31bdeef776e6d99a18678e1c5f4c936c7d1,IDENTICAL
rekep_repair/events/event.py,rekep_repair_交接_v2/code/rekep_repair/events/event.py,aeb657b3c43fa9a713ceb5eefb3e1d9c5dd175bebd218987a6d4379ba388e1ee,aeb657b3c43fa9a713ceb5eefb3e1d9c5dd175bebd218987a6d4379ba388e1ee,IDENTICAL
rekep_repair/events/predicates.py,rekep_repair_交接_v2/code/rekep_repair/events/predicates.py,87d362e3ff79c7c9a3328d35175a10fe577a3821cc4d913ef3ff761463b4a9b5,87d362e3ff79c7c9a3328d35175a10fe577a3821cc4d913ef3ff761463b4a9b5,IDENTICAL
rekep_repair/execution/__init__.py,rekep_repair_交接_v2/code/rekep_repair/execution/__init__.py,71ea6377dd2de8201f83feb211f3c53b19088433a006fb705e02e42a2380d460,71ea6377dd2de8201f83feb211f3c53b19088433a006fb705e02e42a2380d460,IDENTICAL
rekep_repair/execution/action.py,rekep_repair_交接_v2/code/rekep_repair/execution/action.py,456f0f32745a04be64b4f4e62330bad4aa0076706690258e037a4f83e95b89a6,456f0f32745a04be64b4f4e62330bad4aa0076706690258e037a4f83e95b89a6,IDENTICAL
rekep_repair/execution/context.py,rekep_repair_交接_v2/code/rekep_repair/execution/context.py,54a0ae5d2cd2f7f50229d62357068f75986b02e29efad48ddb3d180068859563,54a0ae5d2cd2f7f50229d62357068f75986b02e29efad48ddb3d180068859563,IDENTICAL
rekep_repair/execution/controller.py,rekep_repair_交接_v2/code/rekep_repair/execution/controller.py,0d3534ce0b2ab53cc2f09e2b638a423648af6bab81359d0a87e9fd165b82236f,0d3534ce0b2ab53cc2f09e2b638a423648af6bab81359d0a87e9fd165b82236f,IDENTICAL
rekep_repair/execution/executor.py,rekep_repair_交接_v2/code/rekep_repair/execution/executor.py,b9feb0daaf509dc7911e9083be5984969bc0ee71341cb3ad99c9bbeee4579ea7,b9feb0daaf509dc7911e9083be5984969bc0ee71341cb3ad99c9bbeee4579ea7,IDENTICAL
rekep_repair/execution/fallback.py,rekep_repair_交接_v2/code/rekep_repair/execution/fallback.py,486f963a107577815910fcc3112966374512df9ccf91e0e0d9d22c9aa721e228,486f963a107577815910fcc3112966374512df9ccf91e0e0d9d22c9aa721e228,IDENTICAL
rekep_repair/execution/guard_monitor.py,rekep_repair_交接_v2/code/rekep_repair/execution/guard_monitor.py,e846702a813a503bacef899f7dbeb10b15cd9b6289a527572ff8058d8e8673a5,e846702a813a503bacef899f7dbeb10b15cd9b6289a527572ff8058d8e8673a5,IDENTICAL
rekep_repair/execution/provenance_logger.py,rekep_repair_交接_v2/code/rekep_repair/execution/provenance_logger.py,55176b89271fbcb545e293ba494ca7dc2acef82a226288c3b1602abd68221832,55176b89271fbcb545e293ba494ca7dc2acef82a226288c3b1602abd68221832,IDENTICAL
rekep_repair/gpu_metrics/__init__.py,rekep_repair_交接_v2/code/rekep_repair/gpu_metrics/__init__.py,8858b680013fb8b43f1bd01934f75162176eb138d67730b6aa52377e84949a45,8858b680013fb8b43f1bd01934f75162176eb138d67730b6aa52377e84949a45,IDENTICAL
rekep_repair/gpu_metrics/geometry.py,rekep_repair_交接_v2/code/rekep_repair/gpu_metrics/geometry.py,3c68f3bbe631d85434934b8be394b6da534b2f11ef647a8e266ecf54e1d5d87f,3c68f3bbe631d85434934b8be394b6da534b2f11ef647a8e266ecf54e1d5d87f,IDENTICAL
rekep_repair/gpu_metrics/gpu_rollout.py,rekep_repair_交接_v2/code/rekep_repair/gpu_metrics/gpu_rollout.py,ed9d029d90d1029adb62bb13c288cc49736abee4e200b7cf519532fd85097d60,ed9d029d90d1029adb62bb13c288cc49736abee4e200b7cf519532fd85097d60,IDENTICAL
rekep_repair/gpu_metrics/pen_in_holder.py,rekep_repair_交接_v2/code/rekep_repair/gpu_metrics/pen_in_holder.py,7c354a34ab41389813ac7d6d0639aa17616201d28af25e38fba84e4e29627ffd,7c354a34ab41389813ac7d6d0639aa17616201d28af25e38fba84e4e29627ffd,IDENTICAL
rekep_repair/gpu_metrics/pilot_spec.py,rekep_repair_交接_v2/code/rekep_repair/gpu_metrics/pilot_spec.py,bc988c682bf020ee9cb88af35274360f3cee4c2ff4d368cef79b159161f347e0,bc988c682bf020ee9cb88af35274360f3cee4c2ff4d368cef79b159161f347e0,IDENTICAL
rekep_repair/gpu_metrics/restore_contract.py,rekep_repair_交接_v2/code/rekep_repair/gpu_metrics/restore_contract.py,29d88c0b7ba4d5caee363f064b7af0ab998fbfbd8516df419ad5cb955dba7fc6,29d88c0b7ba4d5caee363f064b7af0ab998fbfbd8516df419ad5cb955dba7fc6,IDENTICAL
rekep_repair/gpu_metrics/structured_log.py,rekep_repair_交接_v2/code/rekep_repair/gpu_metrics/structured_log.py,7934fba142c60efa2863ec6fc608efbd5f5fd1c2ca8d74acf478bc6365893648,7934fba142c60efa2863ec6fc608efbd5f5fd1c2ca8d74acf478bc6365893648,IDENTICAL
rekep_repair/policies/__init__.py,rekep_repair_交接_v2/code/rekep_repair/policies/__init__.py,648f2e72dc61e28cc589ff7082301d27724a820f5207b91ff5eb3e0d0a6bc6b4,648f2e72dc61e28cc589ff7082301d27724a820f5207b91ff5eb3e0d0a6bc6b4,IDENTICAL
rekep_repair/policies/ablations.py,rekep_repair_交接_v2/code/rekep_repair/policies/ablations.py,2ca485205ddff21549de9cf12e86ecff3eb15573c1e7af404316fda058562216,2ca485205ddff21549de9cf12e86ecff3eb15573c1e7af404316fda058562216,IDENTICAL
rekep_repair/policies/common.py,rekep_repair_交接_v2/code/rekep_repair/policies/common.py,9c39db8a12a60507795a69c1ce81b3b422a9c018b9d3c5a6db28360f21cbd729,9c39db8a12a60507795a69c1ce81b3b422a9c018b9d3c5a6db28360f21cbd729,IDENTICAL
rekep_repair/policies/fixed_program.py,rekep_repair_交接_v2/code/rekep_repair/policies/fixed_program.py,5f15f4dcbc9faa1347e2aeec2528d0029732d45f098e1190cabf75faede8ff0e,5f15f4dcbc9faa1347e2aeec2528d0029732d45f098e1190cabf75faede8ff0e,IDENTICAL
rekep_repair/policies/offline_parameterized.py,rekep_repair_交接_v2/code/rekep_repair/policies/offline_parameterized.py,06bde635faebc379ef08b752346cbcf34af832472897da939316eed0109813e6,06bde635faebc379ef08b752346cbcf34af832472897da939316eed0109813e6,IDENTICAL
rekep_repair/policies/offline_recovery.py,rekep_repair_交接_v2/code/rekep_repair/policies/offline_recovery.py,cdd1f4657dcb481140dc41963e4d3ddd34a49a3897119d6234b4360d02882ad4,cdd1f4657dcb481140dc41963e4d3ddd34a49a3897119d6234b4360d02882ad4,IDENTICAL
rekep_repair/policies/online_repair.py,rekep_repair_交接_v2/code/rekep_repair/policies/online_repair.py,c414574aa0815757c280027fe9b2e189a2498a979b2915e673c1a3159711382c,c414574aa0815757c280027fe9b2e189a2498a979b2915e673c1a3159711382c,IDENTICAL
rekep_repair/policies/path_only.py,rekep_repair_交接_v2/code/rekep_repair/policies/path_only.py,dafe85d7f02302f291800551593999098e29ebc14dec4f8db1124116f92ef828,dafe85d7f02302f291800551593999098e29ebc14dec4f8db1124116f92ef828,IDENTICAL
rekep_repair/policies/safe_stop.py,rekep_repair_交接_v2/code/rekep_repair/policies/safe_stop.py,c9f06d82f7fe2396449c5dec808a3df686c1826f70b52d0d3d5924f66c426700,c9f06d82f7fe2396449c5dec808a3df686c1826f70b52d0d3d5924f66c426700,IDENTICAL
rekep_repair/policies/template_repair.py,rekep_repair_交接_v2/code/rekep_repair/policies/template_repair.py,0b713c300033e530b8a4c104977d7b94a3a08764b0e2fb6b2451486d4efd8908,0b713c300033e530b8a4c104977d7b94a3a08764b0e2fb6b2451486d4efd8908,IDENTICAL
rekep_repair/policies/verified_repair.py,rekep_repair_交接_v2/code/rekep_repair/policies/verified_repair.py,26d52fe4960158e04087539714610c9be248fbfc8a09882ae38b3c8043eeaba0,26d52fe4960158e04087539714610c9be248fbfc8a09882ae38b3c8043eeaba0,IDENTICAL
rekep_repair/program/__init__.py,rekep_repair_交接_v2/code/rekep_repair/program/__init__.py,076f70afbe5a79fe18cbe500ac4ff4d20782072a407cdf7302ee2274ed80e1f2,076f70afbe5a79fe18cbe500ac4ff4d20782072a407cdf7302ee2274ed80e1f2,IDENTICAL
rekep_repair/program/continuation.py,rekep_repair_交接_v2/code/rekep_repair/program/continuation.py,16b6001e1722203c42e39fb6fbab1e7daefbb7c712bfa0294661318fc90ca17a,16b6001e1722203c42e39fb6fbab1e7daefbb7c712bfa0294661318fc90ca17a,IDENTICAL
rekep_repair/program/contracts.py,rekep_repair_交接_v2/code/rekep_repair/program/contracts.py,fa61c9d2b0b5c120d1ccb86e53c3553b6bb7a9d8c89e62ee98680479765f2353,fa61c9d2b0b5c120d1ccb86e53c3553b6bb7a9d8c89e62ee98680479765f2353,IDENTICAL
rekep_repair/program/graph.py,rekep_repair_交接_v2/code/rekep_repair/program/graph.py,ec7212eead910c5c831de471065da3f36dc745556cd5ae8af48d1e73b1b19123,ec7212eead910c5c831de471065da3f36dc745556cd5ae8af48d1e73b1b19123,IDENTICAL
rekep_repair/program/stage.py,rekep_repair_交接_v2/code/rekep_repair/program/stage.py,3039f7614dee9bf355d801421a75cd6476e3c64c4e2acd735de804cf005aecdc,3039f7614dee9bf355d801421a75cd6476e3c64c4e2acd735de804cf005aecdc,IDENTICAL
rekep_repair/program/task_program.py,rekep_repair_交接_v2/code/rekep_repair/program/task_program.py,b855e77ab654246c18479e0a6a00e6d8c287e86af990ccd0b02ed0b5d497e492,b855e77ab654246c18479e0a6a00e6d8c287e86af990ccd0b02ed0b5d497e492,IDENTICAL
rekep_repair/rekep_adapter.py,rekep_repair_交接_v2/code/rekep_repair/rekep_adapter.py,7405813bfb9c0986bfa20e66d0d8488446dec7f265cbbe8f69c118d475bd710a,7405813bfb9c0986bfa20e66d0d8488446dec7f265cbbe8f69c118d475bd710a,IDENTICAL
rekep_repair/repair/__init__.py,rekep_repair_交接_v2/code/rekep_repair/repair/__init__.py,551d7d28b50c4014f079468eae6b14a75432f595e75626dbde13e32ecb149f78,551d7d28b50c4014f079468eae6b14a75432f595e75626dbde13e32ecb149f78,IDENTICAL
rekep_repair/repair/abstract_state.py,rekep_repair_交接_v2/code/rekep_repair/repair/abstract_state.py,4b69fb4250d4f6fcc1c91281da5380d0ca05d8f1e8c09bcbab396a31528fee4c,4b69fb4250d4f6fcc1c91281da5380d0ca05d8f1e8c09bcbab396a31528fee4c,IDENTICAL
rekep_repair/repair/candidate.py,rekep_repair_交接_v2/code/rekep_repair/repair/candidate.py,5c098d7b5eed0fea52940f202f1b8e97c8acacf67acfe8e54006af9d05d716cc,5c098d7b5eed0fea52940f202f1b8e97c8acacf67acfe8e54006af9d05d716cc,IDENTICAL
rekep_repair/repair/candidate_generator.py,rekep_repair_交接_v2/code/rekep_repair/repair/candidate_generator.py,8ee4d419235b04f93fbd9756b93ebf67e635cd57f97d269ff143172b92f3690c,8ee4d419235b04f93fbd9756b93ebf67e635cd57f97d269ff143172b92f3690c,IDENTICAL
rekep_repair/repair/feasibility_filter.py,rekep_repair_交接_v2/code/rekep_repair/repair/feasibility_filter.py,21a60878719aa561d1e6cbecbd64c168e732a14d0a16c840ccb10d05d7102a3d,21a60878719aa561d1e6cbecbd64c168e732a14d0a16c840ccb10d05d7102a3d,IDENTICAL
rekep_repair/repair/legality_filter.py,rekep_repair_交接_v2/code/rekep_repair/repair/legality_filter.py,33a1dde3a8c957a926afe4330b714481d17fcfba1467dc59c2ac34066303f0ca,33a1dde3a8c957a926afe4330b714481d17fcfba1467dc59c2ac34066303f0ca,IDENTICAL
rekep_repair/repair/operator.py,rekep_repair_交接_v2/code/rekep_repair/repair/operator.py,8e41c7b2606b625bb323bfdcafc2bb33dcf406e4bc56c68b7c74e2a6b6cf9638,8e41c7b2606b625bb323bfdcafc2bb33dcf406e4bc56c68b7c74e2a6b6cf9638,IDENTICAL
rekep_repair/repair/planner.py,rekep_repair_交接_v2/code/rekep_repair/repair/planner.py,5203c1ff35011cc84e88101f5cde6abab6ad43f93b4ddcfb3b74e273218594c4,5203c1ff35011cc84e88101f5cde6abab6ad43f93b4ddcfb3b74e273218594c4,IDENTICAL
rekep_repair/repair/repair_manager.py,rekep_repair_交接_v2/code/rekep_repair/repair/repair_manager.py,bd6d1d059baea611110ad5714c57a2b9350287b00daa3d421da4739d36b3ef04,bd6d1d059baea611110ad5714c57a2b9350287b00daa3d421da4739d36b3ef04,IDENTICAL
rekep_repair/repair/rollout_verifier.py,rekep_repair_交接_v2/code/rekep_repair/repair/rollout_verifier.py,29e1f17c7289ace22cb39e18862db67c43b5073064f892e9ba94480356476e64,29e1f17c7289ace22cb39e18862db67c43b5073064f892e9ba94480356476e64,IDENTICAL
rekep_repair/repair/scorer.py,rekep_repair_交接_v2/code/rekep_repair/repair/scorer.py,0708045f187c0f40acca877c85076c5e4769b20d44665efdd7314c64b9400216,0708045f187c0f40acca877c85076c5e4769b20d44665efdd7314c64b9400216,IDENTICAL
rekep_repair/repair/synthesis_generator.py,rekep_repair_交接_v2/code/rekep_repair/repair/synthesis_generator.py,31c6e2f20a30dc1c79e9c6f96450eccfad1dfc84c80679b3cdcee0c51208ccb6,31c6e2f20a30dc1c79e9c6f96450eccfad1dfc84c80679b3cdcee0c51208ccb6,IDENTICAL
rekep_repair/repair/template_library.py,rekep_repair_交接_v2/code/rekep_repair/repair/template_library.py,bce71388c12757ff4ba6a122dceed064245aa5bb55df5dbdbca8281aae93f050,bce71388c12757ff4ba6a122dceed064245aa5bb55df5dbdbca8281aae93f050,IDENTICAL
rekep_repair/repair/verifier_variants.py,rekep_repair_交接_v2/code/rekep_repair/repair/verifier_variants.py,c9b917cd4cf3fca5e52699d3642ed85519bd7f940865d409dfb1fa4d1a6f9a65,c9b917cd4cf3fca5e52699d3642ed85519bd7f940865d409dfb1fa4d1a6f9a65,IDENTICAL
rekep_repair/synthetic/__init__.py,rekep_repair_交接_v2/code/rekep_repair/synthetic/__init__.py,b6e3eff3dc53042a732356fc22d6b9e8b2de3a7377c9609048a0e266e4bb846b,b6e3eff3dc53042a732356fc22d6b9e8b2de3a7377c9609048a0e266e4bb846b,IDENTICAL
rekep_repair/synthetic/conflict_bound.py,rekep_repair_交接_v2/code/rekep_repair/synthetic/conflict_bound.py,38d3218316f0a9d8678942785787a602da57c770d151c902307a00a769c453ff,38d3218316f0a9d8678942785787a602da57c770d151c902307a00a769c453ff,IDENTICAL
rekep_repair/synthetic/dynamics.py,rekep_repair_交接_v2/code/rekep_repair/synthetic/dynamics.py,491d867e7ec6674149f53432e852b98699c51aee30264f31cbf48c3f2dea51bd,491d867e7ec6674149f53432e852b98699c51aee30264f31cbf48c3f2dea51bd,IDENTICAL
rekep_repair/synthetic/env.py,rekep_repair_交接_v2/code/rekep_repair/synthetic/env.py,29d3cc5fa85d55d2c05a0201d4228c6458f35aafb997ce6ebee045c7823b0fc3,29d3cc5fa85d55d2c05a0201d4228c6458f35aafb997ce6ebee045c7823b0fc3,IDENTICAL
tests/__init__.py,rekep_repair_交接_v2/code/tests/__init__.py,e3b0c44298fc1c149afbf4c8996fb92427ae41e4649b934ca495991b7852b855,e3b0c44298fc1c149afbf4c8996fb92427ae41e4649b934ca495991b7852b855,IDENTICAL
tests/helpers.py,rekep_repair_交接_v2/code/tests/helpers.py,e5bd2a37a67cb8828b8b1de8335ea721390401e1127744aae3585a9476423d7e,e5bd2a37a67cb8828b8b1de8335ea721390401e1127744aae3585a9476423d7e,IDENTICAL
tests/test_action_limits.py,rekep_repair_交接_v2/code/tests/test_action_limits.py,f0c180f6c326a35db3e3857f970ddfc8ba863eaf648d22e7fa85077b0426294b,f0c180f6c326a35db3e3857f970ddfc8ba863eaf648d22e7fa85077b0426294b,IDENTICAL
tests/test_baseline_validity.py,rekep_repair_交接_v2/code/tests/test_baseline_validity.py,0197b580d21391cdd0a9bbbbbcee895d47152e5be4ce1412b594417a04338c83,0197b580d21391cdd0a9bbbbbcee895d47152e5be4ce1412b594417a04338c83,IDENTICAL
tests/test_events.py,rekep_repair_交接_v2/code/tests/test_events.py,173956df9f3a0aa5edf5005f42ffe31294a4c0c188a16053333dc972b5e09e48,173956df9f3a0aa5edf5005f42ffe31294a4c0c188a16053333dc972b5e09e48,IDENTICAL
tests/test_execution.py,rekep_repair_交接_v2/code/tests/test_execution.py,023f3a1dae897d7081e09d5ff90373cdd48df2a9922ce648b31ee59fc60976d7,023f3a1dae897d7081e09d5ff90373cdd48df2a9922ce648b31ee59fc60976d7,IDENTICAL
tests/test_gpu_metrics.py,rekep_repair_交接_v2/code/tests/test_gpu_metrics.py,596ece9ac088cf33b114e4602c37a914aa470d00ebddf2c0686dec8318eeea01,596ece9ac088cf33b114e4602c37a914aa470d00ebddf2c0686dec8318eeea01,IDENTICAL
tests/test_mechanisms.py,rekep_repair_交接_v2/code/tests/test_mechanisms.py,c209488b62512322195242cb59f60b8057ec872b1d8b495e16172e449be8c2e5,c209488b62512322195242cb59f60b8057ec872b1d8b495e16172e449be8c2e5,IDENTICAL
tests/test_program_semantics.py,rekep_repair_交接_v2/code/tests/test_program_semantics.py,149be2d4d38c8562800880b9e3324ad0a719f571ff5a462fb4bc0560d50e7544,149be2d4d38c8562800880b9e3324ad0a719f571ff5a462fb4bc0560d50e7544,IDENTICAL
tests/test_repair_filters.py,rekep_repair_交接_v2/code/tests/test_repair_filters.py,89f376d2fad2a2ac28df11ee63df1a073900bc2d24a55c49582af851ff037786,89f376d2fad2a2ac28df11ee63df1a073900bc2d24a55c49582af851ff037786,IDENTICAL
tests/test_scientific.py,rekep_repair_交接_v2/code/tests/test_scientific.py,e66ceec7c7c8e8072ca6b6d9a3fed4b3578c0aaed53035f008d3a19a76f8db44,e66ceec7c7c8e8072ca6b6d9a3fed4b3578c0aaed53035f008d3a19a76f8db44,IDENTICAL
tests/test_synthesis.py,rekep_repair_交接_v2/code/tests/test_synthesis.py,94032016a451bc1f6db1094aca8a5a6dadec6302d13cd3e924fda3814e167c89,94032016a451bc1f6db1094aca8a5a6dadec6302d13cd3e924fda3814e167c89,IDENTICAL
scripts/ablation_activation.py,rekep_repair_交接_v2/code/scripts/ablation_activation.py,e960a15f52b5fcf668e7601907273d6b689f155c2b335e1a05ef0d68d09c3019,e960a15f52b5fcf668e7601907273d6b689f155c2b335e1a05ef0d68d09c3019,IDENTICAL
scripts/aggregate_pilot.py,rekep_repair_交接_v2/code/scripts/aggregate_pilot.py,0e1780eb699ff03088833b8c3c5756b149e4904c25fec7286d0d58e7f7b91884,0e1780eb699ff03088833b8c3c5756b149e4904c25fec7286d0d58e7f7b91884,IDENTICAL
scripts/check_gpu_environment.py,rekep_repair_交接_v2/code/scripts/check_gpu_environment.py,3d82870d50add77a789572c059b480020975db5f315682876a5eeb1846e69053,3d82870d50add77a789572c059b480020975db5f315682876a5eeb1846e69053,IDENTICAL
scripts/compare_known_event.py,rekep_repair_交接_v2/code/scripts/compare_known_event.py,1f312e90df2c507b04f89667dc2f384b3bb124de5c434ac3c774b9a060f5bf48,1f312e90df2c507b04f89667dc2f384b3bb124de5c434ac3c774b9a060f5bf48,IDENTICAL
scripts/compare_novel_composition.py,rekep_repair_交接_v2/code/scripts/compare_novel_composition.py,4d61a27f9507a849dca914551f835cc06ec5555b5fb6c124db54318345e11a65,4d61a27f9507a849dca914551f835cc06ec5555b5fb6c124db54318345e11a65,IDENTICAL
scripts/coverage_experiment.py,rekep_repair_交接_v2/code/scripts/coverage_experiment.py,86006ed40ed2d126572b47f35f3d262ce0bb3bc7e316601629c8e285c6671376,86006ed40ed2d126572b47f35f3d262ce0bb3bc7e316601629c8e285c6671376,IDENTICAL
scripts/evaluate_pen_in_holder_retrospective.py,rekep_repair_交接_v2/code/scripts/evaluate_pen_in_holder_retrospective.py,4388f109dd65e88c9d41b44493e3afb4745531158a429165493c0bb5d4bf78e2,4388f109dd65e88c9d41b44493e3afb4745531158a429165493c0bb5d4bf78e2,IDENTICAL
scripts/launch_gpu_workers.sh,rekep_repair_交接_v2/code/scripts/launch_gpu_workers.sh,5778e8cede77d8c6299d0c47b66e2b38beb339f56bbda89fdbdbe4221aebcb5e,5778e8cede77d8c6299d0c47b66e2b38beb339f56bbda89fdbdbe4221aebcb5e,IDENTICAL
scripts/mechanism_identification.py,rekep_repair_交接_v2/code/scripts/mechanism_identification.py,4260c2913b57bee566b9bfa426b3bab1b1154e1468cee8b8f8af47ab448ad939,4260c2913b57bee566b9bfa426b3bab1b1154e1468cee8b8f8af47ab448ad939,IDENTICAL
scripts/offline_regimes.py,rekep_repair_交接_v2/code/scripts/offline_regimes.py,ea2af0c85078845d215f802e189b77c1d743d57b72df38f270fbb8898826438c,ea2af0c85078845d215f802e189b77c1d743d57b72df38f270fbb8898826438c,IDENTICAL
scripts/rollout_traces.py,rekep_repair_交接_v2/code/scripts/rollout_traces.py,5564944346d41eb9ab7a33fdf1c2b476e00c978b51f302d683d55a2f365ab25f,5564944346d41eb9ab7a33fdf1c2b476e00c978b51f302d683d55a2f365ab25f,IDENTICAL
scripts/run_ablations.py,rekep_repair_交接_v2/code/scripts/run_ablations.py,e02efa2eac0c0cb915724a82c00e28c7cabf09b6adcb33c0a1d4f5196e7cc7d5,e02efa2eac0c0cb915724a82c00e28c7cabf09b6adcb33c0a1d4f5196e7cc7d5,IDENTICAL
scripts/run_benchmark.py,rekep_repair_交接_v2/code/scripts/run_benchmark.py,e3ea27cbb457512dbc34911c39f1c6a5a9920b562c791cdf08d3cb49f5510424,e3ea27cbb457512dbc34911c39f1c6a5a9920b562c791cdf08d3cb49f5510424,IDENTICAL
scripts/run_comparison.py,rekep_repair_交接_v2/code/scripts/run_comparison.py,4b2f0b0ac6112c0af5c39be792d45dab901189b010d36533891822884cc846c5,4b2f0b0ac6112c0af5c39be792d45dab901189b010d36533891822884cc846c5,IDENTICAL
scripts/run_gpu_pilot.sh,rekep_repair_交接_v2/code/scripts/run_gpu_pilot.sh,f7a90a0953ec67abb96a3887ec3b172e9736ce36620159603c4e6184d000fd34,f7a90a0953ec67abb96a3887ec3b172e9736ce36620159603c4e6184d000fd34,IDENTICAL
scripts/run_gpu_pilot_episode.py,rekep_repair_交接_v2/code/scripts/run_gpu_pilot_episode.py,8345af49e372e272e19e696637823b5b751835675cfab60e027287075dd99d1b,8345af49e372e272e19e696637823b5b751835675cfab60e027287075dd99d1b,IDENTICAL
scripts/run_mismatch.py,rekep_repair_交接_v2/code/scripts/run_mismatch.py,8c975865d9971bf336e8480f519c7e15c71a120e43480442df0c2a4c2479e17d,8c975865d9971bf336e8480f519c7e15c71a120e43480442df0c2a4c2479e17d,IDENTICAL
scripts/run_mismatch_attribution.py,rekep_repair_交接_v2/code/scripts/run_mismatch_attribution.py,e111ec9687a4f0b5e14388aae6fd4892057e3f65552132422c4029e943db3233,e111ec9687a4f0b5e14388aae6fd4892057e3f65552132422c4029e943db3233,IDENTICAL
scripts/run_omni_smoke_test.py,rekep_repair_交接_v2/code/scripts/run_omni_smoke_test.py,3bb984c664198d3f53fb018769e9c36121e2503a09385b00b561098d3e9c17b9,3bb984c664198d3f53fb018769e9c36121e2503a09385b00b561098d3e9c17b9,IDENTICAL
scripts/run_rekep_baseline.py,rekep_repair_交接_v2/code/scripts/run_rekep_baseline.py,d729b99c941a7fcb4ee91e3cb4feaacee5a45597caefc920d250ffeba391f751,d729b99c941a7fcb4ee91e3cb4feaacee5a45597caefc920d250ffeba391f751,IDENTICAL
scripts/run_trace.py,rekep_repair_交接_v2/code/scripts/run_trace.py,ec83a38f58dde9669e534b7c1d5ecc4d4880914cffe489de9a29e50f591e6e75,ec83a38f58dde9669e534b7c1d5ecc4d4880914cffe489de9a29e50f591e6e75,IDENTICAL
scripts/two_interruptions.py,rekep_repair_交接_v2/code/scripts/two_interruptions.py,b9d194c141ce18460937e2e381046638044262da777992801aa8cbc113fb1bfc,b9d194c141ce18460937e2e381046638044262da777992801aa8cbc113fb1bfc,IDENTICAL
scripts/validate_theorem1.py,rekep_repair_交接_v2/code/scripts/validate_theorem1.py,4fa13d5799c75e5d6e8244c522fe69ae1e7db4a457f31b1b99843d14a3532eea,4fa13d5799c75e5d6e8244c522fe69ae1e7db4a457f31b1b99843d14a3532eea,IDENTICAL
docs/FROZEN_CLAIMS.md,rekep_repair_交接_v2/code/docs/FROZEN_CLAIMS.md,90cc29c39d0166565e5fdabd3ced36140a1576821a332bbb01d85680c4526973,90cc29c39d0166565e5fdabd3ced36140a1576821a332bbb01d85680c4526973,IDENTICAL
docs/GO_NO_GO.md,rekep_repair_交接_v2/code/docs/GO_NO_GO.md,d213830e3e910696e8fced4e5fd8cf37b10655896e1a010e65a5bf93cb31e0b7,d213830e3e910696e8fced4e5fd8cf37b10655896e1a010e65a5bf93cb31e0b7,IDENTICAL
docs/GPU_MILESTONE_1.md,rekep_repair_交接_v2/code/docs/GPU_MILESTONE_1.md,5f33133c18b248219f586529c610a7d2661844cf5010a50dab24034d752cda1e,5f33133c18b248219f586529c610a7d2661844cf5010a50dab24034d752cda1e,IDENTICAL
docs/GPU_RISKS.md,rekep_repair_交接_v2/code/docs/GPU_RISKS.md,9645bc4cd6ae637d87ed9a9841a1f1e4cae5344fd907fdf8d14ca8e5ee6cfc7b,9645bc4cd6ae637d87ed9a9841a1f1e4cae5344fd907fdf8d14ca8e5ee6cfc7b,IDENTICAL
docs/GPU_SETUP.md,rekep_repair_交接_v2/code/docs/GPU_SETUP.md,0e3aa805fc7f857566612c166b483032302dae626647ddb5829241051e634a00,0e3aa805fc7f857566612c166b483032302dae626647ddb5829241051e634a00,IDENTICAL
docs/GPU_SUCCESS_METRIC.md,rekep_repair_交接_v2/code/docs/GPU_SUCCESS_METRIC.md,d2590ccf915df2ca9183299299b1db3b1989e897659f119bc3af936280978d27,d2590ccf915df2ca9183299299b1db3b1989e897659f119bc3af936280978d27,IDENTICAL
docs/GPU_V2_INTEGRATION.md,rekep_repair_交接_v2/code/docs/GPU_V2_INTEGRATION.md,257f42f59aaba6b131be7d5d21166d224de3e018b6bf8e66b8150cea2e924e6a,257f42f59aaba6b131be7d5d21166d224de3e018b6bf8e66b8150cea2e924e6a,IDENTICAL
docs/LIMITATIONS.md,rekep_repair_交接_v2/code/docs/LIMITATIONS.md,258d2dfde9adb0d8476c68f87487abbd63535a35195ada40b8882c1476de5b3a,258d2dfde9adb0d8476c68f87487abbd63535a35195ada40b8882c1476de5b3a,IDENTICAL
docs/MECHANISMS.md,rekep_repair_交接_v2/code/docs/MECHANISMS.md,b97de0ae866e87585454f78e66e30036feac2f4821700d363533344489e29a1d,b97de0ae866e87585454f78e66e30036feac2f4821700d363533344489e29a1d,IDENTICAL
docs/MISMATCH_ATTRIBUTION.md,rekep_repair_交接_v2/code/docs/MISMATCH_ATTRIBUTION.md,8cc8d71cd51649999968e30988c79b7ad126cbdaea4bfc06d0ee6c59bbd31811,8cc8d71cd51649999968e30988c79b7ad126cbdaea4bfc06d0ee6c59bbd31811,IDENTICAL
docs/PARADIGMS.md,rekep_repair_交接_v2/code/docs/PARADIGMS.md,7234b60289c878c64ebc479eda811eca97a40fcf4559d0b5b8707649d30a5672,7234b60289c878c64ebc479eda811eca97a40fcf4559d0b5b8707649d30a5672,IDENTICAL
docs/PROPOSITIONS.md,rekep_repair_交接_v2/code/docs/PROPOSITIONS.md,3a8f7c1d444f64373bd4892275fe13c2d53f2bf889c3b609e2c625bbd1adfeaa,3a8f7c1d444f64373bd4892275fe13c2d53f2bf889c3b609e2c625bbd1adfeaa,IDENTICAL
docs/THEOREM.md,rekep_repair_交接_v2/code/docs/THEOREM.md,c41fc5602ffa23a8fac6dd9f5752ffc4c82cb2523580c971a233a6d787ebbe90,c41fc5602ffa23a8fac6dd9f5752ffc4c82cb2523580c971a233a6d787ebbe90,IDENTICAL
pyproject.toml,rekep_repair_交接_v2/code/pyproject.toml,9f04a300627ecef1cd6a25edd03ddad75b59cf763348d579e8851a8d6431a932,9f04a300627ecef1cd6a25edd03ddad75b59cf763348d579e8851a8d6431a932,IDENTICAL
requirements_gpu.txt,rekep_repair_交接_v2/code/requirements_gpu.txt,d9bd257f7927d6a4a21b8b09eb2ffd448540c07197522811b5ae60ac837e8f78,d9bd257f7927d6a4a21b8b09eb2ffd448540c07197522811b5ae60ac837e8f78,IDENTICAL
requirements.txt,rekep_repair_交接_v2/code/requirements_cpu.txt,9c134023dc1ff16f83fcb7aecb5818952e4c7dd575d82877358b8b59d283bbeb,9c134023dc1ff16f83fcb7aecb5818952e4c7dd575d82877358b8b59d283bbeb,IDENTICAL
