case_id,base_case_id,variant_index,phase,arm,input_hash,common_input_bytes,common_hash_equal,normalized_request_equal,oracle_state_equal,validator_pass,reasoning_effort,call_order_position,candidate_sha256
fresh_no_op_v1,no_op,1,smoke,cope,91ec5df143c93453bc876ef0e8caaff674e16a750fd7283dc2c471e151716ff0,3873,True,True,True,True,none,0,e231af7f2fb0b9dff77813b3365fff94c60ce73ec4fa5d60562afe6c5f0cc25f
fresh_no_op_v1,no_op,1,smoke,compact_tx,91ec5df143c93453bc876ef0e8caaff674e16a750fd7283dc2c471e151716ff0,3873,True,True,True,True,none,1,e231af7f2fb0b9dff77813b3365fff94c60ce73ec4fa5d60562afe6c5f0cc25f
fresh_no_op_v1,no_op,1,smoke,fsr_pc,91ec5df143c93453bc876ef0e8caaff674e16a750fd7283dc2c471e151716ff0,3873,True,True,True,True,none,2,e231af7f2fb0b9dff77813b3365fff94c60ce73ec4fa5d60562afe6c5f0cc25f
fresh_no_op_v2,no_op,2,expansion,cope,20397f8f0e4183d2fdff48d2b8c8aa6f365c2e0de17b5b9e5e9526c196e2aa1f,4621,True,True,True,True,none,2,124c0090de76a9b3b191bd464df2cdce74886b96a9553dcb7cac6939a64cc34e
fresh_no_op_v2,no_op,2,expansion,compact_tx,20397f8f0e4183d2fdff48d2b8c8aa6f365c2e0de17b5b9e5e9526c196e2aa1f,4621,True,True,True,True,none,0,124c0090de76a9b3b191bd464df2cdce74886b96a9553dcb7cac6939a64cc34e
fresh_no_op_v2,no_op,2,expansion,fsr_pc,20397f8f0e4183d2fdff48d2b8c8aa6f365c2e0de17b5b9e5e9526c196e2aa1f,4621,True,True,True,True,none,1,124c0090de76a9b3b191bd464df2cdce74886b96a9553dcb7cac6939a64cc34e
fresh_no_op_v3,no_op,3,expansion,cope,ad40cbc05b2f51673dcd710c42376187ef4e5bdc856edc4c23b3dc4a090a3195,5396,True,True,True,True,none,1,cb469d76685c3b227a992d2b1d769183cae6465960ed09eea9017236424637c6
fresh_no_op_v3,no_op,3,expansion,compact_tx,ad40cbc05b2f51673dcd710c42376187ef4e5bdc856edc4c23b3dc4a090a3195,5396,True,True,True,True,none,2,cb469d76685c3b227a992d2b1d769183cae6465960ed09eea9017236424637c6
fresh_no_op_v3,no_op,3,expansion,fsr_pc,ad40cbc05b2f51673dcd710c42376187ef4e5bdc856edc4c23b3dc4a090a3195,5396,True,True,True,True,none,0,cb469d76685c3b227a992d2b1d769183cae6465960ed09eea9017236424637c6
fresh_no_op_v4,no_op,4,expansion,cope,09dbf5b50033454044adb322763613774c5e8a0cd05f335622a9419b4edf47d6,6144,True,True,True,True,none,0,979f6a413da0df655295796588528cc962782957627b93319e9b3c714ae5b230
fresh_no_op_v4,no_op,4,expansion,compact_tx,09dbf5b50033454044adb322763613774c5e8a0cd05f335622a9419b4edf47d6,6144,True,True,True,True,none,1,979f6a413da0df655295796588528cc962782957627b93319e9b3c714ae5b230
fresh_no_op_v4,no_op,4,expansion,fsr_pc,09dbf5b50033454044adb322763613774c5e8a0cd05f335622a9419b4edf47d6,6144,True,True,True,True,none,2,979f6a413da0df655295796588528cc962782957627b93319e9b3c714ae5b230
fresh_no_op_v5,no_op,5,expansion,cope,a92c54633d2f18ff6f04c7fb03416ec71ebdfbb65e98e4351fc3d38c73930306,6892,True,True,True,True,none,2,a551415aa8e4ce35006cf50cda14c420759935e9a4553bcbdf5e2ba63d35c5ca
fresh_no_op_v5,no_op,5,expansion,compact_tx,a92c54633d2f18ff6f04c7fb03416ec71ebdfbb65e98e4351fc3d38c73930306,6892,True,True,True,True,none,0,a551415aa8e4ce35006cf50cda14c420759935e9a4553bcbdf5e2ba63d35c5ca
fresh_no_op_v5,no_op,5,expansion,fsr_pc,a92c54633d2f18ff6f04c7fb03416ec71ebdfbb65e98e4351fc3d38c73930306,6892,True,True,True,True,none,1,a551415aa8e4ce35006cf50cda14c420759935e9a4553bcbdf5e2ba63d35c5ca
fresh_replace_pending_target_v1,replace_pending_target,1,smoke,cope,6d93304d8b05a005a55749b90d5b928e077a52f5aa34fdee3af96abe1dc13008,4241,True,True,True,True,none,1,08f5849eb7ff14dbdc89800761af56c7fd2171a90565ac24d255e5478926b8dd
fresh_replace_pending_target_v1,replace_pending_target,1,smoke,compact_tx,6d93304d8b05a005a55749b90d5b928e077a52f5aa34fdee3af96abe1dc13008,4241,True,True,True,True,none,2,08f5849eb7ff14dbdc89800761af56c7fd2171a90565ac24d255e5478926b8dd
fresh_replace_pending_target_v1,replace_pending_target,1,smoke,fsr_pc,6d93304d8b05a005a55749b90d5b928e077a52f5aa34fdee3af96abe1dc13008,4241,True,True,True,True,none,0,08f5849eb7ff14dbdc89800761af56c7fd2171a90565ac24d255e5478926b8dd
fresh_replace_pending_target_v2,replace_pending_target,2,expansion,cope,c1f9b0bf506ece85391be09771442e4aeccdf7cde9372b6ee90a8108c7e18599,5125,True,True,True,True,none,0,5b06de5d76a962c54e5329372451fa9a3af3662f120bb8035a328fde2d92b21f
fresh_replace_pending_target_v2,replace_pending_target,2,expansion,compact_tx,c1f9b0bf506ece85391be09771442e4aeccdf7cde9372b6ee90a8108c7e18599,5125,True,True,True,True,none,1,5b06de5d76a962c54e5329372451fa9a3af3662f120bb8035a328fde2d92b21f
fresh_replace_pending_target_v2,replace_pending_target,2,expansion,fsr_pc,c1f9b0bf506ece85391be09771442e4aeccdf7cde9372b6ee90a8108c7e18599,5125,True,True,True,True,none,2,5b06de5d76a962c54e5329372451fa9a3af3662f120bb8035a328fde2d92b21f
fresh_replace_pending_target_v3,replace_pending_target,3,expansion,cope,bd3bae0dac05d24ae1e9522a1516369b5ad5f39edf942cc6d346c8dcd046492c,6053,True,True,True,True,none,2,33ebda3fb4b5da02ce1f51cd580283c75d0d208d5a8b29a4d9ad96cfeb8aafa4
fresh_replace_pending_target_v3,replace_pending_target,3,expansion,compact_tx,bd3bae0dac05d24ae1e9522a1516369b5ad5f39edf942cc6d346c8dcd046492c,6053,True,True,True,True,none,0,33ebda3fb4b5da02ce1f51cd580283c75d0d208d5a8b29a4d9ad96cfeb8aafa4
fresh_replace_pending_target_v3,replace_pending_target,3,expansion,fsr_pc,bd3bae0dac05d24ae1e9522a1516369b5ad5f39edf942cc6d346c8dcd046492c,6053,True,True,True,True,none,1,33ebda3fb4b5da02ce1f51cd580283c75d0d208d5a8b29a4d9ad96cfeb8aafa4
fresh_replace_pending_target_v4,replace_pending_target,4,expansion,cope,3c0977f1ab70a6528b424f426fbea1ba8764eeb0fe4c0e359da399eb3c235bc4,6937,True,True,True,True,none,1,3e3f6737401e5d9324d8ec47119ba4ff2842e631c6c2c3cc4414822429fad427
fresh_replace_pending_target_v4,replace_pending_target,4,expansion,compact_tx,3c0977f1ab70a6528b424f426fbea1ba8764eeb0fe4c0e359da399eb3c235bc4,6937,True,True,True,True,none,2,3e3f6737401e5d9324d8ec47119ba4ff2842e631c6c2c3cc4414822429fad427
fresh_replace_pending_target_v4,replace_pending_target,4,expansion,fsr_pc,3c0977f1ab70a6528b424f426fbea1ba8764eeb0fe4c0e359da399eb3c235bc4,6937,True,True,True,True,none,0,3e3f6737401e5d9324d8ec47119ba4ff2842e631c6c2c3cc4414822429fad427
fresh_replace_pending_target_v5,replace_pending_target,5,expansion,cope,6d328be1731f538125adc12d201c82af2c2f49d0e0360d24156946d487d98011,7821,True,True,True,True,none,0,35d5a93d3aa8f4b2ff779e65e4a7fccee558b9cb216fcb9f6c06bc592cf757fa
fresh_replace_pending_target_v5,replace_pending_target,5,expansion,compact_tx,6d328be1731f538125adc12d201c82af2c2f49d0e0360d24156946d487d98011,7821,True,True,True,True,none,1,35d5a93d3aa8f4b2ff779e65e4a7fccee558b9cb216fcb9f6c06bc592cf757fa
fresh_replace_pending_target_v5,replace_pending_target,5,expansion,fsr_pc,6d328be1731f538125adc12d201c82af2c2f49d0e0360d24156946d487d98011,7821,True,True,True,True,none,2,35d5a93d3aa8f4b2ff779e65e4a7fccee558b9cb216fcb9f6c06bc592cf757fa
fresh_wrong_source_revoke_v1,wrong_source_revoke,1,smoke,cope,729667f2da886985ab8252f5c4cef13452611e23dd106d072d9313bfbfdb6ddb,4086,True,True,True,True,none,2,2b52f3c2ea1ddd340a06e099c727166cade95f454e1fecdd62aa0d8975a8e833
fresh_wrong_source_revoke_v1,wrong_source_revoke,1,smoke,compact_tx,729667f2da886985ab8252f5c4cef13452611e23dd106d072d9313bfbfdb6ddb,4086,True,True,True,True,none,0,2b52f3c2ea1ddd340a06e099c727166cade95f454e1fecdd62aa0d8975a8e833
fresh_wrong_source_revoke_v1,wrong_source_revoke,1,smoke,fsr_pc,729667f2da886985ab8252f5c4cef13452611e23dd106d072d9313bfbfdb6ddb,4086,True,True,True,True,none,1,2b52f3c2ea1ddd340a06e099c727166cade95f454e1fecdd62aa0d8975a8e833
fresh_wrong_source_revoke_v2,wrong_source_revoke,2,expansion,cope,0dfd46c3200e106a569caeb9bae853bd5d51c92896ac8ae1e4bf3d3c118d1e08,4946,True,True,True,True,none,1,96e5c97770fe2340b75da0ff36906957d9b8e1d29edff2c16ecdee535e0481bf
fresh_wrong_source_revoke_v2,wrong_source_revoke,2,expansion,compact_tx,0dfd46c3200e106a569caeb9bae853bd5d51c92896ac8ae1e4bf3d3c118d1e08,4946,True,True,True,True,none,2,96e5c97770fe2340b75da0ff36906957d9b8e1d29edff2c16ecdee535e0481bf
fresh_wrong_source_revoke_v2,wrong_source_revoke,2,expansion,fsr_pc,0dfd46c3200e106a569caeb9bae853bd5d51c92896ac8ae1e4bf3d3c118d1e08,4946,True,True,True,True,none,0,96e5c97770fe2340b75da0ff36906957d9b8e1d29edff2c16ecdee535e0481bf
fresh_wrong_source_revoke_v3,wrong_source_revoke,3,expansion,cope,d1ed2d17fee01a018c3c945514d466665461c4ba6ef53b06b16fe03aad635113,5847,True,True,True,True,none,0,dbcab98a9a515f10fa81b814d710272f7165bc777f2a152b58e4399feb058077
fresh_wrong_source_revoke_v3,wrong_source_revoke,3,expansion,compact_tx,d1ed2d17fee01a018c3c945514d466665461c4ba6ef53b06b16fe03aad635113,5847,True,True,True,True,none,1,dbcab98a9a515f10fa81b814d710272f7165bc777f2a152b58e4399feb058077
fresh_wrong_source_revoke_v3,wrong_source_revoke,3,expansion,fsr_pc,d1ed2d17fee01a018c3c945514d466665461c4ba6ef53b06b16fe03aad635113,5847,True,True,True,True,none,2,dbcab98a9a515f10fa81b814d710272f7165bc777f2a152b58e4399feb058077
fresh_wrong_source_revoke_v4,wrong_source_revoke,4,expansion,cope,248f326e06d07ffc43ac39c7f21230128eb5280454c65becf2fda3cefecba826,6707,True,True,True,True,none,2,ad8ef961c58528e68948b7b85fc19b1a1004727fe739cb97efcbeb2d8fea4522
fresh_wrong_source_revoke_v4,wrong_source_revoke,4,expansion,compact_tx,248f326e06d07ffc43ac39c7f21230128eb5280454c65becf2fda3cefecba826,6707,True,True,True,True,none,0,ad8ef961c58528e68948b7b85fc19b1a1004727fe739cb97efcbeb2d8fea4522
fresh_wrong_source_revoke_v4,wrong_source_revoke,4,expansion,fsr_pc,248f326e06d07ffc43ac39c7f21230128eb5280454c65becf2fda3cefecba826,6707,True,True,True,True,none,1,ad8ef961c58528e68948b7b85fc19b1a1004727fe739cb97efcbeb2d8fea4522
fresh_wrong_source_revoke_v5,wrong_source_revoke,5,expansion,cope,286096d5c317c34905d0dc69046264dbc07cf1706acc467814938fbf5b25d7d8,7567,True,True,True,True,none,1,8c9666d1dcee7fd87c6ef864d7b4d5ed571e9c8f22f0edab776186990cefe065
fresh_wrong_source_revoke_v5,wrong_source_revoke,5,expansion,compact_tx,286096d5c317c34905d0dc69046264dbc07cf1706acc467814938fbf5b25d7d8,7567,True,True,True,True,none,2,8c9666d1dcee7fd87c6ef864d7b4d5ed571e9c8f22f0edab776186990cefe065
fresh_wrong_source_revoke_v5,wrong_source_revoke,5,expansion,fsr_pc,286096d5c317c34905d0dc69046264dbc07cf1706acc467814938fbf5b25d7d8,7567,True,True,True,True,none,0,8c9666d1dcee7fd87c6ef864d7b4d5ed571e9c8f22f0edab776186990cefe065
fresh_continuity_invalid_v1,continuity_invalid,1,smoke,cope,e90dcc5f36ebae2873ded95630c917589dcbf36b6797cda4dde53079d0142053,4204,True,True,True,True,none,0,13591f91b6e3c7c99b257b67597c391bd2bf6ca64890ecb2005beb373d71ada9
fresh_continuity_invalid_v1,continuity_invalid,1,smoke,compact_tx,e90dcc5f36ebae2873ded95630c917589dcbf36b6797cda4dde53079d0142053,4204,True,True,True,True,none,1,13591f91b6e3c7c99b257b67597c391bd2bf6ca64890ecb2005beb373d71ada9
fresh_continuity_invalid_v1,continuity_invalid,1,smoke,fsr_pc,e90dcc5f36ebae2873ded95630c917589dcbf36b6797cda4dde53079d0142053,4204,True,True,True,True,none,2,13591f91b6e3c7c99b257b67597c391bd2bf6ca64890ecb2005beb373d71ada9
fresh_continuity_invalid_v2,continuity_invalid,2,expansion,cope,dd25596a647003bb496943af186455d1b615de3fd5cb5dbc6eb29e28bfc55eea,5056,True,True,True,True,none,2,1fb7456794ac00b26561aba46e0ec42a5e54f16f22a72377b039f927632c14b5
fresh_continuity_invalid_v2,continuity_invalid,2,expansion,compact_tx,dd25596a647003bb496943af186455d1b615de3fd5cb5dbc6eb29e28bfc55eea,5056,True,True,True,True,none,0,1fb7456794ac00b26561aba46e0ec42a5e54f16f22a72377b039f927632c14b5
fresh_continuity_invalid_v2,continuity_invalid,2,expansion,fsr_pc,dd25596a647003bb496943af186455d1b615de3fd5cb5dbc6eb29e28bfc55eea,5056,True,True,True,True,none,1,1fb7456794ac00b26561aba46e0ec42a5e54f16f22a72377b039f927632c14b5
fresh_continuity_invalid_v3,continuity_invalid,3,expansion,cope,9f8d83b21d488d143f5dee6f71bb5f8179ff87a6ac56e305aec8ba09bb4ccdb1,5948,True,True,True,True,none,1,9e267c829e816c94d51d525baadae35cb8ef529338b068a5e88ae80ce0edfdb8
fresh_continuity_invalid_v3,continuity_invalid,3,expansion,compact_tx,9f8d83b21d488d143f5dee6f71bb5f8179ff87a6ac56e305aec8ba09bb4ccdb1,5948,True,True,True,True,none,2,9e267c829e816c94d51d525baadae35cb8ef529338b068a5e88ae80ce0edfdb8
fresh_continuity_invalid_v3,continuity_invalid,3,expansion,fsr_pc,9f8d83b21d488d143f5dee6f71bb5f8179ff87a6ac56e305aec8ba09bb4ccdb1,5948,True,True,True,True,none,0,9e267c829e816c94d51d525baadae35cb8ef529338b068a5e88ae80ce0edfdb8
fresh_continuity_invalid_v4,continuity_invalid,4,expansion,cope,94ef841565334fc8c15b31e0ef15ace9d21572affe391da465b90d53669505d3,6800,True,True,True,True,none,0,bdbcdd5659012b4a2f4d4f71c07a1c209d233b334ec89d2c49b8af4abaec0324
fresh_continuity_invalid_v4,continuity_invalid,4,expansion,compact_tx,94ef841565334fc8c15b31e0ef15ace9d21572affe391da465b90d53669505d3,6800,True,True,True,True,none,1,bdbcdd5659012b4a2f4d4f71c07a1c209d233b334ec89d2c49b8af4abaec0324
fresh_continuity_invalid_v4,continuity_invalid,4,expansion,fsr_pc,94ef841565334fc8c15b31e0ef15ace9d21572affe391da465b90d53669505d3,6800,True,True,True,True,none,2,bdbcdd5659012b4a2f4d4f71c07a1c209d233b334ec89d2c49b8af4abaec0324
fresh_continuity_invalid_v5,continuity_invalid,5,expansion,cope,45869b424eabaeb67662663b0d6a861aa19bbe1de7a53445b9ad1ce99e102801,7652,True,True,True,True,none,2,a1d59fe26b0e5c0fb65fcff5e5b59ff81017d3a3f67f3ebcbd4b7a329578bac7
fresh_continuity_invalid_v5,continuity_invalid,5,expansion,compact_tx,45869b424eabaeb67662663b0d6a861aa19bbe1de7a53445b9ad1ce99e102801,7652,True,True,True,True,none,0,a1d59fe26b0e5c0fb65fcff5e5b59ff81017d3a3f67f3ebcbd4b7a329578bac7
fresh_continuity_invalid_v5,continuity_invalid,5,expansion,fsr_pc,45869b424eabaeb67662663b0d6a861aa19bbe1de7a53445b9ad1ce99e102801,7652,True,True,True,True,none,1,a1d59fe26b0e5c0fb65fcff5e5b59ff81017d3a3f67f3ebcbd4b7a329578bac7
fresh_cancel_sibling_v1,cancel_sibling,1,smoke,cope,8324ace78d236cc76c4e817e418c0ee7f50e1a95f455a6c15c9554c9a8a7d82f,4029,True,True,True,True,none,1,5c94b31df7db19961fbc9aa729305bb67f0df971577714f0535fc141f40b194f
fresh_cancel_sibling_v1,cancel_sibling,1,smoke,compact_tx,8324ace78d236cc76c4e817e418c0ee7f50e1a95f455a6c15c9554c9a8a7d82f,4029,True,True,True,True,none,2,5c94b31df7db19961fbc9aa729305bb67f0df971577714f0535fc141f40b194f
fresh_cancel_sibling_v1,cancel_sibling,1,smoke,fsr_pc,8324ace78d236cc76c4e817e418c0ee7f50e1a95f455a6c15c9554c9a8a7d82f,4029,True,True,True,True,none,0,5c94b31df7db19961fbc9aa729305bb67f0df971577714f0535fc141f40b194f
fresh_cancel_sibling_v2,cancel_sibling,2,expansion,cope,b63dd30dcb37436d600493bf2272f2127ea3227d2a97e34cfc5445e77f62fba3,4849,True,True,True,True,none,0,d2bcf4e06c84592d652e85fd1e19f6f2fb2052e244697ef68ad46d48103846c4
fresh_cancel_sibling_v2,cancel_sibling,2,expansion,compact_tx,b63dd30dcb37436d600493bf2272f2127ea3227d2a97e34cfc5445e77f62fba3,4849,True,True,True,True,none,1,d2bcf4e06c84592d652e85fd1e19f6f2fb2052e244697ef68ad46d48103846c4
fresh_cancel_sibling_v2,cancel_sibling,2,expansion,fsr_pc,b63dd30dcb37436d600493bf2272f2127ea3227d2a97e34cfc5445e77f62fba3,4849,True,True,True,True,none,2,d2bcf4e06c84592d652e85fd1e19f6f2fb2052e244697ef68ad46d48103846c4
fresh_cancel_sibling_v3,cancel_sibling,3,expansion,cope,f05172f415265c5f5d9ea4217a752d84c9b758e3e7c208b73990dc2cf367f2b2,5705,True,True,True,True,none,2,dcbc304603380de4cc2c296570225a2fdd2b61c9e520ad97c7aaee802c88a7aa
fresh_cancel_sibling_v3,cancel_sibling,3,expansion,compact_tx,f05172f415265c5f5d9ea4217a752d84c9b758e3e7c208b73990dc2cf367f2b2,5705,True,True,True,True,none,0,dcbc304603380de4cc2c296570225a2fdd2b61c9e520ad97c7aaee802c88a7aa
fresh_cancel_sibling_v3,cancel_sibling,3,expansion,fsr_pc,f05172f415265c5f5d9ea4217a752d84c9b758e3e7c208b73990dc2cf367f2b2,5705,True,True,True,True,none,1,dcbc304603380de4cc2c296570225a2fdd2b61c9e520ad97c7aaee802c88a7aa
fresh_cancel_sibling_v4,cancel_sibling,4,expansion,cope,7dfce6c31dd7b8851d217ddd72ed7c0d154d7bee00f5235f4c61d4653611c939,6525,True,True,True,True,none,1,fbc231317408c9153b0510d4f132f8ad6d28fde5ccbb7d7c2d502e5b7983ba16
fresh_cancel_sibling_v4,cancel_sibling,4,expansion,compact_tx,7dfce6c31dd7b8851d217ddd72ed7c0d154d7bee00f5235f4c61d4653611c939,6525,True,True,True,True,none,2,fbc231317408c9153b0510d4f132f8ad6d28fde5ccbb7d7c2d502e5b7983ba16
fresh_cancel_sibling_v4,cancel_sibling,4,expansion,fsr_pc,7dfce6c31dd7b8851d217ddd72ed7c0d154d7bee00f5235f4c61d4653611c939,6525,True,True,True,True,none,0,fbc231317408c9153b0510d4f132f8ad6d28fde5ccbb7d7c2d502e5b7983ba16
fresh_cancel_sibling_v5,cancel_sibling,5,expansion,cope,8ca3b57da184735aa6c66a0fae424f94bc014d5c5edd2d792db74cd199ac884a,7345,True,True,True,True,none,0,9dc062c37475d3cefabf0b224aa0ba5765434582d28e1099b940dcef4ffcf7cd
fresh_cancel_sibling_v5,cancel_sibling,5,expansion,compact_tx,8ca3b57da184735aa6c66a0fae424f94bc014d5c5edd2d792db74cd199ac884a,7345,True,True,True,True,none,1,9dc062c37475d3cefabf0b224aa0ba5765434582d28e1099b940dcef4ffcf7cd
fresh_cancel_sibling_v5,cancel_sibling,5,expansion,fsr_pc,8ca3b57da184735aa6c66a0fae424f94bc014d5c5edd2d792db74cd199ac884a,7345,True,True,True,True,none,2,9dc062c37475d3cefabf0b224aa0ba5765434582d28e1099b940dcef4ffcf7cd
fresh_activate_override_v1,activate_override,1,smoke,cope,938569b590ff1abafc4f0bd2e68f9f264cf0ed2ab36f2768dc4d56541943404f,4106,True,True,True,True,none,2,503494d3b572d3ed3754f64ed53d1cd4ebf299d28bbe5860197e90f7c69f3eac
fresh_activate_override_v1,activate_override,1,smoke,compact_tx,938569b590ff1abafc4f0bd2e68f9f264cf0ed2ab36f2768dc4d56541943404f,4106,True,True,True,True,none,0,503494d3b572d3ed3754f64ed53d1cd4ebf299d28bbe5860197e90f7c69f3eac
fresh_activate_override_v1,activate_override,1,smoke,fsr_pc,938569b590ff1abafc4f0bd2e68f9f264cf0ed2ab36f2768dc4d56541943404f,4106,True,True,True,True,none,1,503494d3b572d3ed3754f64ed53d1cd4ebf299d28bbe5860197e90f7c69f3eac
fresh_activate_override_v2,activate_override,2,expansion,cope,ba34f19ffaae4ebda29066b7759a55404b371b1b26ae7da3cadbdbcb1e1ca649,4950,True,True,True,True,none,1,3e9f00d6408437d25c43d48784e1b049f33b6828a4d998bae683c522fca122c4
fresh_activate_override_v2,activate_override,2,expansion,compact_tx,ba34f19ffaae4ebda29066b7759a55404b371b1b26ae7da3cadbdbcb1e1ca649,4950,True,True,True,True,none,2,3e9f00d6408437d25c43d48784e1b049f33b6828a4d998bae683c522fca122c4
fresh_activate_override_v2,activate_override,2,expansion,fsr_pc,ba34f19ffaae4ebda29066b7759a55404b371b1b26ae7da3cadbdbcb1e1ca649,4950,True,True,True,True,none,0,3e9f00d6408437d25c43d48784e1b049f33b6828a4d998bae683c522fca122c4
fresh_activate_override_v3,activate_override,3,expansion,cope,69ef812f2d6878ed3a2971828685737f7fc2a705b7dbf0d388f90f77909a0872,5833,True,True,True,True,none,0,6bc0361fc9a274d4151dc9fc653efdba263bf4b917e91aa10baf63ac536097b7
fresh_activate_override_v3,activate_override,3,expansion,compact_tx,69ef812f2d6878ed3a2971828685737f7fc2a705b7dbf0d388f90f77909a0872,5833,True,True,True,True,none,1,6bc0361fc9a274d4151dc9fc653efdba263bf4b917e91aa10baf63ac536097b7
fresh_activate_override_v3,activate_override,3,expansion,fsr_pc,69ef812f2d6878ed3a2971828685737f7fc2a705b7dbf0d388f90f77909a0872,5833,True,True,True,True,none,2,6bc0361fc9a274d4151dc9fc653efdba263bf4b917e91aa10baf63ac536097b7
fresh_activate_override_v4,activate_override,4,expansion,cope,0977b0deceaf318adbf7ec88ca6175b9e15bd5dadc065eadb1756ebf18fb4ab5,6677,True,True,True,True,none,2,e8a4ae7330398b53dfb94564f03d822cf835d3119e10c895d7d8c8a722c9098a
fresh_activate_override_v4,activate_override,4,expansion,compact_tx,0977b0deceaf318adbf7ec88ca6175b9e15bd5dadc065eadb1756ebf18fb4ab5,6677,True,True,True,True,none,0,e8a4ae7330398b53dfb94564f03d822cf835d3119e10c895d7d8c8a722c9098a
fresh_activate_override_v4,activate_override,4,expansion,fsr_pc,0977b0deceaf318adbf7ec88ca6175b9e15bd5dadc065eadb1756ebf18fb4ab5,6677,True,True,True,True,none,1,e8a4ae7330398b53dfb94564f03d822cf835d3119e10c895d7d8c8a722c9098a
fresh_activate_override_v5,activate_override,5,expansion,cope,0e048411e7273f1dcd256486711c5f9c1efadd0197cb4cd97d2e43fe8d34302a,7521,True,True,True,True,none,1,201d1bf3608a209afab45721ea02a3b286e6d872f60114b688ff7482fcde2b98
fresh_activate_override_v5,activate_override,5,expansion,compact_tx,0e048411e7273f1dcd256486711c5f9c1efadd0197cb4cd97d2e43fe8d34302a,7521,True,True,True,True,none,2,201d1bf3608a209afab45721ea02a3b286e6d872f60114b688ff7482fcde2b98
fresh_activate_override_v5,activate_override,5,expansion,fsr_pc,0e048411e7273f1dcd256486711c5f9c1efadd0197cb4cd97d2e43fe8d34302a,7521,True,True,True,True,none,0,201d1bf3608a209afab45721ea02a3b286e6d872f60114b688ff7482fcde2b98
fresh_release_override_v1,release_override,1,expansion,cope,dcf80f6c319b738afe9f4093d5f280fcd203e95999daf223beb85eb6bc1d5406,4363,True,True,True,True,none,0,a434b0a42737d6dfe8b7610987b5e17745b38abf037ac0e23b23157fd7b2e303
fresh_release_override_v1,release_override,1,expansion,compact_tx,dcf80f6c319b738afe9f4093d5f280fcd203e95999daf223beb85eb6bc1d5406,4363,True,True,True,True,none,1,a434b0a42737d6dfe8b7610987b5e17745b38abf037ac0e23b23157fd7b2e303
fresh_release_override_v1,release_override,1,expansion,fsr_pc,dcf80f6c319b738afe9f4093d5f280fcd203e95999daf223beb85eb6bc1d5406,4363,True,True,True,True,none,2,a434b0a42737d6dfe8b7610987b5e17745b38abf037ac0e23b23157fd7b2e303
fresh_release_override_v2,release_override,2,expansion,cope,80e83844a7e73bf4bed36d1fa1d00069c85792de4b11fe37f30e88ee10c384ae,5199,True,True,True,True,none,2,0c13c6817c9517248c829c21d7e931a82bc9968612c64ef699c768e3cebd0a3d
fresh_release_override_v2,release_override,2,expansion,compact_tx,80e83844a7e73bf4bed36d1fa1d00069c85792de4b11fe37f30e88ee10c384ae,5199,True,True,True,True,none,0,0c13c6817c9517248c829c21d7e931a82bc9968612c64ef699c768e3cebd0a3d
fresh_release_override_v2,release_override,2,expansion,fsr_pc,80e83844a7e73bf4bed36d1fa1d00069c85792de4b11fe37f30e88ee10c384ae,5199,True,True,True,True,none,1,0c13c6817c9517248c829c21d7e931a82bc9968612c64ef699c768e3cebd0a3d
fresh_release_override_v3,release_override,3,expansion,cope,b445891c35dcd78ac560a8506f233ed0ad0dbcc3fed51fab1783784cda931424,6073,True,True,True,True,none,1,f20803741591bece83075dca6595ad1c6534ab67136d6361556dec93870b158f
fresh_release_override_v3,release_override,3,expansion,compact_tx,b445891c35dcd78ac560a8506f233ed0ad0dbcc3fed51fab1783784cda931424,6073,True,True,True,True,none,2,f20803741591bece83075dca6595ad1c6534ab67136d6361556dec93870b158f
fresh_release_override_v3,release_override,3,expansion,fsr_pc,b445891c35dcd78ac560a8506f233ed0ad0dbcc3fed51fab1783784cda931424,6073,True,True,True,True,none,0,f20803741591bece83075dca6595ad1c6534ab67136d6361556dec93870b158f
fresh_release_override_v4,release_override,4,expansion,cope,60829fa1ae5fdf2256f3e85e26e5eacad450156dc98df366742f47d853d42a21,6909,True,True,True,True,none,0,316dba3e1414b80a8fa3b7d6dd449393289f242da501503d5b58f5a48e9bb098
fresh_release_override_v4,release_override,4,expansion,compact_tx,60829fa1ae5fdf2256f3e85e26e5eacad450156dc98df366742f47d853d42a21,6909,True,True,True,True,none,1,316dba3e1414b80a8fa3b7d6dd449393289f242da501503d5b58f5a48e9bb098
fresh_release_override_v4,release_override,4,expansion,fsr_pc,60829fa1ae5fdf2256f3e85e26e5eacad450156dc98df366742f47d853d42a21,6909,True,True,True,True,none,2,316dba3e1414b80a8fa3b7d6dd449393289f242da501503d5b58f5a48e9bb098
fresh_release_override_v5,release_override,5,expansion,cope,1258047406dc73dc43af10df25ea43ad484d125e30060e2b8de543f0a9ba2ef4,7745,True,True,True,True,none,2,202c3171ffa8064648cd7a02d0279e4e4eafe13b8ec08e5524b7c3e211744019
fresh_release_override_v5,release_override,5,expansion,compact_tx,1258047406dc73dc43af10df25ea43ad484d125e30060e2b8de543f0a9ba2ef4,7745,True,True,True,True,none,0,202c3171ffa8064648cd7a02d0279e4e4eafe13b8ec08e5524b7c3e211744019
fresh_release_override_v5,release_override,5,expansion,fsr_pc,1258047406dc73dc43af10df25ea43ad484d125e30060e2b8de543f0a9ba2ef4,7745,True,True,True,True,none,1,202c3171ffa8064648cd7a02d0279e4e4eafe13b8ec08e5524b7c3e211744019
fresh_world_change_release_v1,world_change_release,1,expansion,cope,b2c61d4ecb52738e52a353b53c8f2d63619f0cfa6cf07343665698be1bd890b5,4501,True,True,True,True,none,1,f4a5aa86aa525b44c0564165a3139c6216ce684a4df263bc99aa39e3c1a6c08d
fresh_world_change_release_v1,world_change_release,1,expansion,compact_tx,b2c61d4ecb52738e52a353b53c8f2d63619f0cfa6cf07343665698be1bd890b5,4501,True,True,True,True,none,2,f4a5aa86aa525b44c0564165a3139c6216ce684a4df263bc99aa39e3c1a6c08d
fresh_world_change_release_v1,world_change_release,1,expansion,fsr_pc,b2c61d4ecb52738e52a353b53c8f2d63619f0cfa6cf07343665698be1bd890b5,4501,True,True,True,True,none,0,f4a5aa86aa525b44c0564165a3139c6216ce684a4df263bc99aa39e3c1a6c08d
fresh_world_change_release_v2,world_change_release,2,expansion,cope,0ac634d37faae0be762d5cfc89c1302e7e99b813d588484a56e4fcb70f0c1378,5369,True,True,True,True,none,0,d093ae3f783c5752fc74a0ba1a9ae11b2db021fb861012d2f65b901e766b8561
fresh_world_change_release_v2,world_change_release,2,expansion,compact_tx,0ac634d37faae0be762d5cfc89c1302e7e99b813d588484a56e4fcb70f0c1378,5369,True,True,True,True,none,1,d093ae3f783c5752fc74a0ba1a9ae11b2db021fb861012d2f65b901e766b8561
fresh_world_change_release_v2,world_change_release,2,expansion,fsr_pc,0ac634d37faae0be762d5cfc89c1302e7e99b813d588484a56e4fcb70f0c1378,5369,True,True,True,True,none,2,d093ae3f783c5752fc74a0ba1a9ae11b2db021fb861012d2f65b901e766b8561
fresh_world_change_release_v3,world_change_release,3,expansion,cope,e407f9117095a7e244326a0e9e4c94e0fcbdddcaea4499c6cd49f61fbfff204e,6279,True,True,True,True,none,2,ffdac52c22457c7ec0675ba91b3df5969f104c00e8275ded1e5926b27612414a
fresh_world_change_release_v3,world_change_release,3,expansion,compact_tx,e407f9117095a7e244326a0e9e4c94e0fcbdddcaea4499c6cd49f61fbfff204e,6279,True,True,True,True,none,0,ffdac52c22457c7ec0675ba91b3df5969f104c00e8275ded1e5926b27612414a
fresh_world_change_release_v3,world_change_release,3,expansion,fsr_pc,e407f9117095a7e244326a0e9e4c94e0fcbdddcaea4499c6cd49f61fbfff204e,6279,True,True,True,True,none,1,ffdac52c22457c7ec0675ba91b3df5969f104c00e8275ded1e5926b27612414a
fresh_world_change_release_v4,world_change_release,4,expansion,cope,4fde4751a8752cf4b11333c4ed3c666182f1957d357188fb664b7e8912d65d43,7147,True,True,True,True,none,1,df2476866b9c805d69c9100f1632ccf786d9b8869a109815d2bf4ee2c558679e
fresh_world_change_release_v4,world_change_release,4,expansion,compact_tx,4fde4751a8752cf4b11333c4ed3c666182f1957d357188fb664b7e8912d65d43,7147,True,True,True,True,none,2,df2476866b9c805d69c9100f1632ccf786d9b8869a109815d2bf4ee2c558679e
fresh_world_change_release_v4,world_change_release,4,expansion,fsr_pc,4fde4751a8752cf4b11333c4ed3c666182f1957d357188fb664b7e8912d65d43,7147,True,True,True,True,none,0,df2476866b9c805d69c9100f1632ccf786d9b8869a109815d2bf4ee2c558679e
fresh_world_change_release_v5,world_change_release,5,expansion,cope,4f4c9a8715a059b3090985ab2ae39298c8f213e5cd801a395fa5af00b4541313,8015,True,True,True,True,none,0,3bcfcf28695f26d576747bc0cd5bb9399fd8d12406f370b60c88f68b53d6d54e
fresh_world_change_release_v5,world_change_release,5,expansion,compact_tx,4f4c9a8715a059b3090985ab2ae39298c8f213e5cd801a395fa5af00b4541313,8015,True,True,True,True,none,1,3bcfcf28695f26d576747bc0cd5bb9399fd8d12406f370b60c88f68b53d6d54e
fresh_world_change_release_v5,world_change_release,5,expansion,fsr_pc,4f4c9a8715a059b3090985ab2ae39298c8f213e5cd801a395fa5af00b4541313,8015,True,True,True,True,none,2,3bcfcf28695f26d576747bc0cd5bb9399fd8d12406f370b60c88f68b53d6d54e
fresh_stale_version_v1,stale_version,1,expansion,cope,b43ec908d67034a670d056cda5e369fd95d7265c1b24960592dfbad49a98816a,4017,True,True,True,True,none,2,f8276a46403eb728fb0bf651a8c885e84411676f3d7b736c11d51ef34f3a2594
fresh_stale_version_v1,stale_version,1,expansion,compact_tx,b43ec908d67034a670d056cda5e369fd95d7265c1b24960592dfbad49a98816a,4017,True,True,True,True,none,0,f8276a46403eb728fb0bf651a8c885e84411676f3d7b736c11d51ef34f3a2594
fresh_stale_version_v1,stale_version,1,expansion,fsr_pc,b43ec908d67034a670d056cda5e369fd95d7265c1b24960592dfbad49a98816a,4017,True,True,True,True,none,1,f8276a46403eb728fb0bf651a8c885e84411676f3d7b736c11d51ef34f3a2594
fresh_stale_version_v2,stale_version,2,expansion,cope,a519f6f10514236b64323e0cbb6899e3b023d2cf847bf3f095b6203d38bdb6b1,4829,True,True,True,True,none,1,7682c6ca54a878c8ed85ea49720e43707926551c3ac8a5863517069598258375
fresh_stale_version_v2,stale_version,2,expansion,compact_tx,a519f6f10514236b64323e0cbb6899e3b023d2cf847bf3f095b6203d38bdb6b1,4829,True,True,True,True,none,2,7682c6ca54a878c8ed85ea49720e43707926551c3ac8a5863517069598258375
fresh_stale_version_v2,stale_version,2,expansion,fsr_pc,a519f6f10514236b64323e0cbb6899e3b023d2cf847bf3f095b6203d38bdb6b1,4829,True,True,True,True,none,0,7682c6ca54a878c8ed85ea49720e43707926551c3ac8a5863517069598258375
fresh_stale_version_v3,stale_version,3,expansion,cope,6c7a289c9599dc071fe88b300b5a480c99cb78033250537a62d6ee46c5e4d725,5676,True,True,True,True,none,0,b5681fba3743b215b1399fef7254fc5f4d6469c93dc0e97153ce7aa763a25594
fresh_stale_version_v3,stale_version,3,expansion,compact_tx,6c7a289c9599dc071fe88b300b5a480c99cb78033250537a62d6ee46c5e4d725,5676,True,True,True,True,none,1,b5681fba3743b215b1399fef7254fc5f4d6469c93dc0e97153ce7aa763a25594
fresh_stale_version_v3,stale_version,3,expansion,fsr_pc,6c7a289c9599dc071fe88b300b5a480c99cb78033250537a62d6ee46c5e4d725,5676,True,True,True,True,none,2,b5681fba3743b215b1399fef7254fc5f4d6469c93dc0e97153ce7aa763a25594
fresh_stale_version_v4,stale_version,4,expansion,cope,7d446d65c647ffd7c796b0bcb0c59a2324053108274d1841200653f82af76562,6488,True,True,True,True,none,2,8272cd376490eedb9656071e882385cc49525eb19d38e8faefb152ec135aa162
fresh_stale_version_v4,stale_version,4,expansion,compact_tx,7d446d65c647ffd7c796b0bcb0c59a2324053108274d1841200653f82af76562,6488,True,True,True,True,none,0,8272cd376490eedb9656071e882385cc49525eb19d38e8faefb152ec135aa162
fresh_stale_version_v4,stale_version,4,expansion,fsr_pc,7d446d65c647ffd7c796b0bcb0c59a2324053108274d1841200653f82af76562,6488,True,True,True,True,none,1,8272cd376490eedb9656071e882385cc49525eb19d38e8faefb152ec135aa162
fresh_stale_version_v5,stale_version,5,expansion,cope,725eb1966517fb46b65a5b595db602a18306c669265f1f562b1b45cb59d71a5b,7300,True,True,True,True,none,1,82053ef88dbfca2ca5eee8a0f04f986ffdad1cf8d2012bff9ad1046ca5763c06
fresh_stale_version_v5,stale_version,5,expansion,compact_tx,725eb1966517fb46b65a5b595db602a18306c669265f1f562b1b45cb59d71a5b,7300,True,True,True,True,none,2,82053ef88dbfca2ca5eee8a0f04f986ffdad1cf8d2012bff9ad1046ca5763c06
fresh_stale_version_v5,stale_version,5,expansion,fsr_pc,725eb1966517fb46b65a5b595db602a18306c669265f1f562b1b45cb59d71a5b,7300,True,True,True,True,none,0,82053ef88dbfca2ca5eee8a0f04f986ffdad1cf8d2012bff9ad1046ca5763c06
fresh_idempotence_v1,idempotence,1,expansion,cope,6f7669cb378861b10155d7b73e123ec75e68334bc23b9d46c0e29ebf46c30afa,4040,True,True,True,True,none,0,d0bc8064c4492bf65dad5255ed1dd5b0e77337f213e2bd108df1d27f054a0d35
fresh_idempotence_v1,idempotence,1,expansion,compact_tx,6f7669cb378861b10155d7b73e123ec75e68334bc23b9d46c0e29ebf46c30afa,4040,True,True,True,True,none,1,d0bc8064c4492bf65dad5255ed1dd5b0e77337f213e2bd108df1d27f054a0d35
fresh_idempotence_v1,idempotence,1,expansion,fsr_pc,6f7669cb378861b10155d7b73e123ec75e68334bc23b9d46c0e29ebf46c30afa,4040,True,True,True,True,none,2,d0bc8064c4492bf65dad5255ed1dd5b0e77337f213e2bd108df1d27f054a0d35
fresh_idempotence_v2,idempotence,2,expansion,cope,cf77b2eedb4156d8ed2adc69a6b09d7fd7aa98d4b500bf6e49e64bf6c732687f,4836,True,True,True,True,none,2,614bca72c5647b69f4569e0a8d32fdb982c2232ae1da238031511ebc28174a0c
fresh_idempotence_v2,idempotence,2,expansion,compact_tx,cf77b2eedb4156d8ed2adc69a6b09d7fd7aa98d4b500bf6e49e64bf6c732687f,4836,True,True,True,True,none,0,614bca72c5647b69f4569e0a8d32fdb982c2232ae1da238031511ebc28174a0c
fresh_idempotence_v2,idempotence,2,expansion,fsr_pc,cf77b2eedb4156d8ed2adc69a6b09d7fd7aa98d4b500bf6e49e64bf6c732687f,4836,True,True,True,True,none,1,614bca72c5647b69f4569e0a8d32fdb982c2232ae1da238031511ebc28174a0c
fresh_idempotence_v3,idempotence,3,expansion,cope,f6f2af59f889a871b8ca262ee9c3496be2853ca6423eb0ac0e0aa8a119a1f610,5665,True,True,True,True,none,1,339d36852ac4cc345cc56d1ba376f14ff935377de419877502bb96e8b709f822
fresh_idempotence_v3,idempotence,3,expansion,compact_tx,f6f2af59f889a871b8ca262ee9c3496be2853ca6423eb0ac0e0aa8a119a1f610,5665,True,True,True,True,none,2,339d36852ac4cc345cc56d1ba376f14ff935377de419877502bb96e8b709f822
fresh_idempotence_v3,idempotence,3,expansion,fsr_pc,f6f2af59f889a871b8ca262ee9c3496be2853ca6423eb0ac0e0aa8a119a1f610,5665,True,True,True,True,none,0,339d36852ac4cc345cc56d1ba376f14ff935377de419877502bb96e8b709f822
fresh_idempotence_v4,idempotence,4,expansion,cope,f0625a1e2008e43e4dabe162237c02fed51031666fc23991e8fd4911e4146b88,6461,True,True,True,True,none,0,76b680205e42cb80aa21c08f29639b1dcec130ff5de72a08410a22c3f804e7a3
fresh_idempotence_v4,idempotence,4,expansion,compact_tx,f0625a1e2008e43e4dabe162237c02fed51031666fc23991e8fd4911e4146b88,6461,True,True,True,True,none,1,76b680205e42cb80aa21c08f29639b1dcec130ff5de72a08410a22c3f804e7a3
fresh_idempotence_v4,idempotence,4,expansion,fsr_pc,f0625a1e2008e43e4dabe162237c02fed51031666fc23991e8fd4911e4146b88,6461,True,True,True,True,none,2,76b680205e42cb80aa21c08f29639b1dcec130ff5de72a08410a22c3f804e7a3
fresh_idempotence_v5,idempotence,5,expansion,cope,98fba8f333d5d1a97d1bb303b23f90421afc4f78d600eff21e68cafb8d213991,7257,True,True,True,True,none,2,9dbfa715fa38cbad9caa6188b4a79c1cd4a1429f229c11c1f94c760d2287c637
fresh_idempotence_v5,idempotence,5,expansion,compact_tx,98fba8f333d5d1a97d1bb303b23f90421afc4f78d600eff21e68cafb8d213991,7257,True,True,True,True,none,0,9dbfa715fa38cbad9caa6188b4a79c1cd4a1429f229c11c1f94c760d2287c637
fresh_idempotence_v5,idempotence,5,expansion,fsr_pc,98fba8f333d5d1a97d1bb303b23f90421afc4f78d600eff21e68cafb8d213991,7257,True,True,True,True,none,1,9dbfa715fa38cbad9caa6188b4a79c1cd4a1429f229c11c1f94c760d2287c637
fresh_irrelevant_sibling_change_v1,irrelevant_sibling_change,1,expansion,cope,4ba4e31b5aee16b1bc5d0d3a5149483975d8069b69b79df4b8802ff7c45c0d18,4171,True,True,True,True,none,1,db342245f0bf88aa90a505ecd0ea687bda4dab035f6097eacd3c3f34e38395d2
fresh_irrelevant_sibling_change_v1,irrelevant_sibling_change,1,expansion,compact_tx,4ba4e31b5aee16b1bc5d0d3a5149483975d8069b69b79df4b8802ff7c45c0d18,4171,True,True,True,True,none,2,db342245f0bf88aa90a505ecd0ea687bda4dab035f6097eacd3c3f34e38395d2
fresh_irrelevant_sibling_change_v1,irrelevant_sibling_change,1,expansion,fsr_pc,4ba4e31b5aee16b1bc5d0d3a5149483975d8069b69b79df4b8802ff7c45c0d18,4171,True,True,True,True,none,0,db342245f0bf88aa90a505ecd0ea687bda4dab035f6097eacd3c3f34e38395d2
fresh_irrelevant_sibling_change_v2,irrelevant_sibling_change,2,expansion,cope,68d53790ac5caef79a755b1ce26e4cebb64ead88e6c5c3ab28774d27233d9879,5079,True,True,True,True,none,0,d6f296db4eb13bbfc038fe1696bbe531c5e08506468d5f5c80061b89be244318
fresh_irrelevant_sibling_change_v2,irrelevant_sibling_change,2,expansion,compact_tx,68d53790ac5caef79a755b1ce26e4cebb64ead88e6c5c3ab28774d27233d9879,5079,True,True,True,True,none,1,d6f296db4eb13bbfc038fe1696bbe531c5e08506468d5f5c80061b89be244318
fresh_irrelevant_sibling_change_v2,irrelevant_sibling_change,2,expansion,fsr_pc,68d53790ac5caef79a755b1ce26e4cebb64ead88e6c5c3ab28774d27233d9879,5079,True,True,True,True,none,2,d6f296db4eb13bbfc038fe1696bbe531c5e08506468d5f5c80061b89be244318
fresh_irrelevant_sibling_change_v3,irrelevant_sibling_change,3,expansion,cope,1de29ecc0830cea766f4a98273b07d51b5ba3df300d63e9db50711d86582d121,6034,True,True,True,True,none,2,b9d74c45e706b171f6b878893a6ba1e1e12e1b66a792844475a12132d560af0e
fresh_irrelevant_sibling_change_v3,irrelevant_sibling_change,3,expansion,compact_tx,1de29ecc0830cea766f4a98273b07d51b5ba3df300d63e9db50711d86582d121,6034,True,True,True,True,none,0,b9d74c45e706b171f6b878893a6ba1e1e12e1b66a792844475a12132d560af0e
fresh_irrelevant_sibling_change_v3,irrelevant_sibling_change,3,expansion,fsr_pc,1de29ecc0830cea766f4a98273b07d51b5ba3df300d63e9db50711d86582d121,6034,True,True,True,True,none,1,b9d74c45e706b171f6b878893a6ba1e1e12e1b66a792844475a12132d560af0e
fresh_irrelevant_sibling_change_v4,irrelevant_sibling_change,4,expansion,cope,31dd9d839d57605a435430f76eddb2c7cb77690fb7dfd834ee9179b43a584d98,6942,True,True,True,True,none,1,3e2c54c545bcb812b4396861d209e037556e0b2e8843b60bec9aeee8ca3ff38d
fresh_irrelevant_sibling_change_v4,irrelevant_sibling_change,4,expansion,compact_tx,31dd9d839d57605a435430f76eddb2c7cb77690fb7dfd834ee9179b43a584d98,6942,True,True,True,True,none,2,3e2c54c545bcb812b4396861d209e037556e0b2e8843b60bec9aeee8ca3ff38d
fresh_irrelevant_sibling_change_v4,irrelevant_sibling_change,4,expansion,fsr_pc,31dd9d839d57605a435430f76eddb2c7cb77690fb7dfd834ee9179b43a584d98,6942,True,True,True,True,none,0,3e2c54c545bcb812b4396861d209e037556e0b2e8843b60bec9aeee8ca3ff38d
fresh_irrelevant_sibling_change_v5,irrelevant_sibling_change,5,expansion,cope,ccf1b4d26999e691102bf0f60c6e4bddc9127b5874e27082e37dac5c81ca02e4,7850,True,True,True,True,none,0,05add1053cdd2287c20e1a5892c61d5e47859dac16836300312dcc5c84efbd77
fresh_irrelevant_sibling_change_v5,irrelevant_sibling_change,5,expansion,compact_tx,ccf1b4d26999e691102bf0f60c6e4bddc9127b5874e27082e37dac5c81ca02e4,7850,True,True,True,True,none,1,05add1053cdd2287c20e1a5892c61d5e47859dac16836300312dcc5c84efbd77
fresh_irrelevant_sibling_change_v5,irrelevant_sibling_change,5,expansion,fsr_pc,ccf1b4d26999e691102bf0f60c6e4bddc9127b5874e27082e37dac5c81ca02e4,7850,True,True,True,True,none,2,05add1053cdd2287c20e1a5892c61d5e47859dac16836300312dcc5c84efbd77
fresh_continuity_valid_v1,continuity_valid,1,expansion,cope,caf9168c0eb5f95a5d60f91cf05cdea8640205f2f23ba92a182f96c7da14f7e1,4025,True,True,True,True,none,2,0d9a55066b17d9f3915116162572c799f00279697f2c877b84727a93cdf35d44
fresh_continuity_valid_v1,continuity_valid,1,expansion,compact_tx,caf9168c0eb5f95a5d60f91cf05cdea8640205f2f23ba92a182f96c7da14f7e1,4025,True,True,True,True,none,0,0d9a55066b17d9f3915116162572c799f00279697f2c877b84727a93cdf35d44
fresh_continuity_valid_v1,continuity_valid,1,expansion,fsr_pc,caf9168c0eb5f95a5d60f91cf05cdea8640205f2f23ba92a182f96c7da14f7e1,4025,True,True,True,True,none,1,0d9a55066b17d9f3915116162572c799f00279697f2c877b84727a93cdf35d44
fresh_continuity_valid_v2,continuity_valid,2,expansion,cope,8c33d5e130dad9e24012d7b7023dba2d3374dbe52a202da9c58b03f9dff06c34,4861,True,True,True,True,none,1,b59bc338819c252183a8718f41d47afdfb7ecdd66d1a1f6e6c7d5af0108d18c4
fresh_continuity_valid_v2,continuity_valid,2,expansion,compact_tx,8c33d5e130dad9e24012d7b7023dba2d3374dbe52a202da9c58b03f9dff06c34,4861,True,True,True,True,none,2,b59bc338819c252183a8718f41d47afdfb7ecdd66d1a1f6e6c7d5af0108d18c4
fresh_continuity_valid_v2,continuity_valid,2,expansion,fsr_pc,8c33d5e130dad9e24012d7b7023dba2d3374dbe52a202da9c58b03f9dff06c34,4861,True,True,True,True,none,0,b59bc338819c252183a8718f41d47afdfb7ecdd66d1a1f6e6c7d5af0108d18c4
fresh_continuity_valid_v3,continuity_valid,3,expansion,cope,2663ba11d09b25b0baf14050b83c740e2f83d1a98781be2bd50012dd40af8728,5735,True,True,True,True,none,0,dcbdcc23c59cb1a428b1144e2b066233443a6c1168bce40d7176a3f10b877c3f
fresh_continuity_valid_v3,continuity_valid,3,expansion,compact_tx,2663ba11d09b25b0baf14050b83c740e2f83d1a98781be2bd50012dd40af8728,5735,True,True,True,True,none,1,dcbdcc23c59cb1a428b1144e2b066233443a6c1168bce40d7176a3f10b877c3f
fresh_continuity_valid_v3,continuity_valid,3,expansion,fsr_pc,2663ba11d09b25b0baf14050b83c740e2f83d1a98781be2bd50012dd40af8728,5735,True,True,True,True,none,2,dcbdcc23c59cb1a428b1144e2b066233443a6c1168bce40d7176a3f10b877c3f
fresh_continuity_valid_v4,continuity_valid,4,expansion,cope,7bfb7a93c865e33e47bf89b79391b14eeba28f226c3df5e75d736428f6c2a132,6571,True,True,True,True,none,2,41a8070e606f7a82708bfcf20750ba59552477a3138c29a27d94b205ff64cca9
fresh_continuity_valid_v4,continuity_valid,4,expansion,compact_tx,7bfb7a93c865e33e47bf89b79391b14eeba28f226c3df5e75d736428f6c2a132,6571,True,True,True,True,none,0,41a8070e606f7a82708bfcf20750ba59552477a3138c29a27d94b205ff64cca9
fresh_continuity_valid_v4,continuity_valid,4,expansion,fsr_pc,7bfb7a93c865e33e47bf89b79391b14eeba28f226c3df5e75d736428f6c2a132,6571,True,True,True,True,none,1,41a8070e606f7a82708bfcf20750ba59552477a3138c29a27d94b205ff64cca9
fresh_continuity_valid_v5,continuity_valid,5,expansion,cope,1f8fa0cb2ab61068a6b03994cdf4c41751ccbaa00b50bb86e83323d0726fbdec,7407,True,True,True,True,none,1,d5903aa81b923593b2706cf196310b2c115a8905d14449f38170b64d755bebb0
fresh_continuity_valid_v5,continuity_valid,5,expansion,compact_tx,1f8fa0cb2ab61068a6b03994cdf4c41751ccbaa00b50bb86e83323d0726fbdec,7407,True,True,True,True,none,2,d5903aa81b923593b2706cf196310b2c115a8905d14449f38170b64d755bebb0
fresh_continuity_valid_v5,continuity_valid,5,expansion,fsr_pc,1f8fa0cb2ab61068a6b03994cdf4c41751ccbaa00b50bb86e83323d0726fbdec,7407,True,True,True,True,none,0,d5903aa81b923593b2706cf196310b2c115a8905d14449f38170b64d755bebb0
