sequence_id,arm,event_index,input_sha256,normalized_request_sha256,wire_bytes
formal_t00_s10_forward_replace_then_cancel,cope,1,a11f6a756ee32815042d4aeb04c908205634f34d0dbf14a5bce724608c706665,cec00e0eef71b20323e7e93222fe54bc2b1667d0829d553150f2858b564f9b94,5106
formal_t00_s10_forward_replace_then_cancel,cope,2,a2c16eacb9ca2563e491df17cbcdad172e06b74dfa32878c0f5cf36617573c1c,63cdeaa4a33c18971dba064323d5d0eba3b2141db2418b886daa061e3646fb22,5645
formal_t00_s10_forward_replace_then_cancel,neutral_patch,1,a11f6a756ee32815042d4aeb04c908205634f34d0dbf14a5bce724608c706665,cec00e0eef71b20323e7e93222fe54bc2b1667d0829d553150f2858b564f9b94,5371
formal_t00_s10_forward_replace_then_cancel,neutral_patch,2,a2c16eacb9ca2563e491df17cbcdad172e06b74dfa32878c0f5cf36617573c1c,63cdeaa4a33c18971dba064323d5d0eba3b2141db2418b886daa061e3646fb22,5910
formal_t00_s10_forward_replace_then_cancel,fsr_pc,1,a11f6a756ee32815042d4aeb04c908205634f34d0dbf14a5bce724608c706665,cec00e0eef71b20323e7e93222fe54bc2b1667d0829d553150f2858b564f9b94,5102
formal_t00_s10_forward_replace_then_cancel,fsr_pc,2,a2c16eacb9ca2563e491df17cbcdad172e06b74dfa32878c0f5cf36617573c1c,63cdeaa4a33c18971dba064323d5d0eba3b2141db2418b886daa061e3646fb22,5641
formal_t00_s10_forward_replace_then_cancel,full_replan,1,a11f6a756ee32815042d4aeb04c908205634f34d0dbf14a5bce724608c706665,cec00e0eef71b20323e7e93222fe54bc2b1667d0829d553150f2858b564f9b94,5211
formal_t00_s10_forward_replace_then_cancel,full_replan,2,a2c16eacb9ca2563e491df17cbcdad172e06b74dfa32878c0f5cf36617573c1c,63cdeaa4a33c18971dba064323d5d0eba3b2141db2418b886daa061e3646fb22,5750
formal_t00_s10_forward_replace_then_replace,neutral_patch,1,1e48ed90ac11abecc9f77133088bd1d2afec3b6191216c335187e5657ad6336f,ab9564dedf7d5a0ca6fbf491984f3bb99f83cdabaea9046da2a18ee543336911,5376
formal_t00_s10_forward_replace_then_replace,neutral_patch,2,330621c12ba071bc6ab5a6d792e01fe04d0c7af542fbce85ba49d3df7a4f8fa6,48f711f8280caa4f556385b0b1607344715097fb69c6644aed0852e1e9204c31,6054
formal_t00_s10_forward_replace_then_replace,fsr_pc,1,1e48ed90ac11abecc9f77133088bd1d2afec3b6191216c335187e5657ad6336f,ab9564dedf7d5a0ca6fbf491984f3bb99f83cdabaea9046da2a18ee543336911,5107
formal_t00_s10_forward_replace_then_replace,fsr_pc,2,330621c12ba071bc6ab5a6d792e01fe04d0c7af542fbce85ba49d3df7a4f8fa6,48f711f8280caa4f556385b0b1607344715097fb69c6644aed0852e1e9204c31,5785
formal_t00_s10_forward_replace_then_replace,full_replan,1,1e48ed90ac11abecc9f77133088bd1d2afec3b6191216c335187e5657ad6336f,ab9564dedf7d5a0ca6fbf491984f3bb99f83cdabaea9046da2a18ee543336911,5216
formal_t00_s10_forward_replace_then_replace,full_replan,2,330621c12ba071bc6ab5a6d792e01fe04d0c7af542fbce85ba49d3df7a4f8fa6,48f711f8280caa4f556385b0b1607344715097fb69c6644aed0852e1e9204c31,5894
formal_t00_s10_forward_replace_then_replace,cope,1,1e48ed90ac11abecc9f77133088bd1d2afec3b6191216c335187e5657ad6336f,ab9564dedf7d5a0ca6fbf491984f3bb99f83cdabaea9046da2a18ee543336911,5111
formal_t00_s10_forward_replace_then_replace,cope,2,330621c12ba071bc6ab5a6d792e01fe04d0c7af542fbce85ba49d3df7a4f8fa6,48f711f8280caa4f556385b0b1607344715097fb69c6644aed0852e1e9204c31,5789
formal_t00_s11_forward_replace_then_cancel,fsr_pc,1,0f3e403dcf33bf92d616c88ae41f2f2ab4648b1c6403a2ecc2bf0f86e940b626,6a4a973b8987986158b0ede5d2e0ea77046168c8e83b27e09b9d527d33d1d865,5102
formal_t00_s11_forward_replace_then_cancel,fsr_pc,2,72552d158d8258871a4e8374dbc1ee95f336ebdd6119381603556041bcfc1baa,55095d232719dd48360d92f6834e439228ac95a36de2340096694a29982e8089,5641
formal_t00_s11_forward_replace_then_cancel,full_replan,1,0f3e403dcf33bf92d616c88ae41f2f2ab4648b1c6403a2ecc2bf0f86e940b626,6a4a973b8987986158b0ede5d2e0ea77046168c8e83b27e09b9d527d33d1d865,5211
formal_t00_s11_forward_replace_then_cancel,full_replan,2,72552d158d8258871a4e8374dbc1ee95f336ebdd6119381603556041bcfc1baa,55095d232719dd48360d92f6834e439228ac95a36de2340096694a29982e8089,5750
formal_t00_s11_forward_replace_then_cancel,cope,1,0f3e403dcf33bf92d616c88ae41f2f2ab4648b1c6403a2ecc2bf0f86e940b626,6a4a973b8987986158b0ede5d2e0ea77046168c8e83b27e09b9d527d33d1d865,5106
formal_t00_s11_forward_replace_then_cancel,cope,2,72552d158d8258871a4e8374dbc1ee95f336ebdd6119381603556041bcfc1baa,55095d232719dd48360d92f6834e439228ac95a36de2340096694a29982e8089,5645
formal_t00_s11_forward_replace_then_cancel,neutral_patch,1,0f3e403dcf33bf92d616c88ae41f2f2ab4648b1c6403a2ecc2bf0f86e940b626,6a4a973b8987986158b0ede5d2e0ea77046168c8e83b27e09b9d527d33d1d865,5371
formal_t00_s11_forward_replace_then_cancel,neutral_patch,2,72552d158d8258871a4e8374dbc1ee95f336ebdd6119381603556041bcfc1baa,55095d232719dd48360d92f6834e439228ac95a36de2340096694a29982e8089,5910
formal_t00_s11_forward_replace_then_replace,full_replan,1,8e062b91dc6fca36526882de7be4c213c4ef567dad41cee56fe57103f5385765,8eaa948d5730f19ce6bfbe4188dfa3d317c58c20fe2ab9c04bbb0cb2d45a225f,5216
formal_t00_s11_forward_replace_then_replace,full_replan,2,01aa1e044d75c275374f61f8f9b90a10774ac738861b544d482a29e3045dd3d5,50733af4f712ca7f43593b050c9dbf478cde1c8d82cfcff1130f2a840530472d,5894
formal_t00_s11_forward_replace_then_replace,cope,1,8e062b91dc6fca36526882de7be4c213c4ef567dad41cee56fe57103f5385765,8eaa948d5730f19ce6bfbe4188dfa3d317c58c20fe2ab9c04bbb0cb2d45a225f,5111
formal_t00_s11_forward_replace_then_replace,cope,2,01aa1e044d75c275374f61f8f9b90a10774ac738861b544d482a29e3045dd3d5,50733af4f712ca7f43593b050c9dbf478cde1c8d82cfcff1130f2a840530472d,5789
formal_t00_s11_forward_replace_then_replace,neutral_patch,1,8e062b91dc6fca36526882de7be4c213c4ef567dad41cee56fe57103f5385765,8eaa948d5730f19ce6bfbe4188dfa3d317c58c20fe2ab9c04bbb0cb2d45a225f,5376
formal_t00_s11_forward_replace_then_replace,neutral_patch,2,01aa1e044d75c275374f61f8f9b90a10774ac738861b544d482a29e3045dd3d5,50733af4f712ca7f43593b050c9dbf478cde1c8d82cfcff1130f2a840530472d,6054
formal_t00_s11_forward_replace_then_replace,fsr_pc,1,8e062b91dc6fca36526882de7be4c213c4ef567dad41cee56fe57103f5385765,8eaa948d5730f19ce6bfbe4188dfa3d317c58c20fe2ab9c04bbb0cb2d45a225f,5107
formal_t00_s11_forward_replace_then_replace,fsr_pc,2,01aa1e044d75c275374f61f8f9b90a10774ac738861b544d482a29e3045dd3d5,50733af4f712ca7f43593b050c9dbf478cde1c8d82cfcff1130f2a840530472d,5785
formal_t00_s12_forward_replace_then_cancel,cope,1,7945bd994d8dab2a23b26bbdc03468fbf1985d716f49b7072bd6d6dc7317b9c3,2adf3377555c5c05c0182ca55417cb2c6bfe7da0589d518910de500343466745,5106
formal_t00_s12_forward_replace_then_cancel,cope,2,0899ece8ca668cd1a74076e581e6f8622a1a4f29e33ba49c8132654680ec60b3,5045e8b86a65c8082fba5efe3e703ddd4e55f7c5358df1c1a1fdc62abf7584a4,5645
formal_t00_s12_forward_replace_then_cancel,neutral_patch,1,7945bd994d8dab2a23b26bbdc03468fbf1985d716f49b7072bd6d6dc7317b9c3,2adf3377555c5c05c0182ca55417cb2c6bfe7da0589d518910de500343466745,5371
formal_t00_s12_forward_replace_then_cancel,neutral_patch,2,0899ece8ca668cd1a74076e581e6f8622a1a4f29e33ba49c8132654680ec60b3,5045e8b86a65c8082fba5efe3e703ddd4e55f7c5358df1c1a1fdc62abf7584a4,5910
formal_t00_s12_forward_replace_then_cancel,fsr_pc,1,7945bd994d8dab2a23b26bbdc03468fbf1985d716f49b7072bd6d6dc7317b9c3,2adf3377555c5c05c0182ca55417cb2c6bfe7da0589d518910de500343466745,5102
formal_t00_s12_forward_replace_then_cancel,fsr_pc,2,0899ece8ca668cd1a74076e581e6f8622a1a4f29e33ba49c8132654680ec60b3,5045e8b86a65c8082fba5efe3e703ddd4e55f7c5358df1c1a1fdc62abf7584a4,5641
formal_t00_s12_forward_replace_then_cancel,full_replan,1,7945bd994d8dab2a23b26bbdc03468fbf1985d716f49b7072bd6d6dc7317b9c3,2adf3377555c5c05c0182ca55417cb2c6bfe7da0589d518910de500343466745,5211
formal_t00_s12_forward_replace_then_cancel,full_replan,2,0899ece8ca668cd1a74076e581e6f8622a1a4f29e33ba49c8132654680ec60b3,5045e8b86a65c8082fba5efe3e703ddd4e55f7c5358df1c1a1fdc62abf7584a4,5750
formal_t00_s12_forward_replace_then_replace,neutral_patch,1,99bdd134a53ea0062d6dfb3d8b06cc7dc75abfff87f9cbc36ef81107c3d7f2b7,95eb8516f3656baa11bb0eb7e03f53ec2da99f48de8998326a36af8b3747561d,5376
formal_t00_s12_forward_replace_then_replace,neutral_patch,2,61209c5013b7de3e1848d693f98eedba8b389be9f087390404f956cdecfb6ee3,72deb8fab1404fdcf6667b2944d7b71b81c02d9899c665ba4fcd63ef1d9389da,6054
formal_t00_s12_forward_replace_then_replace,fsr_pc,1,99bdd134a53ea0062d6dfb3d8b06cc7dc75abfff87f9cbc36ef81107c3d7f2b7,95eb8516f3656baa11bb0eb7e03f53ec2da99f48de8998326a36af8b3747561d,5107
formal_t00_s12_forward_replace_then_replace,fsr_pc,2,61209c5013b7de3e1848d693f98eedba8b389be9f087390404f956cdecfb6ee3,72deb8fab1404fdcf6667b2944d7b71b81c02d9899c665ba4fcd63ef1d9389da,5785
formal_t00_s12_forward_replace_then_replace,full_replan,1,99bdd134a53ea0062d6dfb3d8b06cc7dc75abfff87f9cbc36ef81107c3d7f2b7,95eb8516f3656baa11bb0eb7e03f53ec2da99f48de8998326a36af8b3747561d,5216
formal_t00_s12_forward_replace_then_replace,full_replan,2,61209c5013b7de3e1848d693f98eedba8b389be9f087390404f956cdecfb6ee3,72deb8fab1404fdcf6667b2944d7b71b81c02d9899c665ba4fcd63ef1d9389da,5894
formal_t00_s12_forward_replace_then_replace,cope,1,99bdd134a53ea0062d6dfb3d8b06cc7dc75abfff87f9cbc36ef81107c3d7f2b7,95eb8516f3656baa11bb0eb7e03f53ec2da99f48de8998326a36af8b3747561d,5111
formal_t00_s12_forward_replace_then_replace,cope,2,61209c5013b7de3e1848d693f98eedba8b389be9f087390404f956cdecfb6ee3,72deb8fab1404fdcf6667b2944d7b71b81c02d9899c665ba4fcd63ef1d9389da,5789
formal_t00_s13_forward_replace_then_cancel,fsr_pc,1,6d366a28ae5ccf45668167bcc42a45be6ff86289537de87e9906a9a9b31dc1a0,98ce4d1608db4847174bfbf9a14d8e50ad1cd9c8184aeb7b5264e7f17a852458,5102
formal_t00_s13_forward_replace_then_cancel,fsr_pc,2,6857fb68c24e7390b5691e478d613fd47393f4ba8e6391f675a20372a689fc05,561f8ad418e5c3c2079c57f574dfeb54990c7e8a8623f932b6fff3ff9b7ed332,5641
formal_t00_s13_forward_replace_then_cancel,full_replan,1,6d366a28ae5ccf45668167bcc42a45be6ff86289537de87e9906a9a9b31dc1a0,98ce4d1608db4847174bfbf9a14d8e50ad1cd9c8184aeb7b5264e7f17a852458,5211
formal_t00_s13_forward_replace_then_cancel,full_replan,2,6857fb68c24e7390b5691e478d613fd47393f4ba8e6391f675a20372a689fc05,561f8ad418e5c3c2079c57f574dfeb54990c7e8a8623f932b6fff3ff9b7ed332,5750
formal_t00_s13_forward_replace_then_cancel,cope,1,6d366a28ae5ccf45668167bcc42a45be6ff86289537de87e9906a9a9b31dc1a0,98ce4d1608db4847174bfbf9a14d8e50ad1cd9c8184aeb7b5264e7f17a852458,5106
formal_t00_s13_forward_replace_then_cancel,cope,2,6857fb68c24e7390b5691e478d613fd47393f4ba8e6391f675a20372a689fc05,561f8ad418e5c3c2079c57f574dfeb54990c7e8a8623f932b6fff3ff9b7ed332,5645
formal_t00_s13_forward_replace_then_cancel,neutral_patch,1,6d366a28ae5ccf45668167bcc42a45be6ff86289537de87e9906a9a9b31dc1a0,98ce4d1608db4847174bfbf9a14d8e50ad1cd9c8184aeb7b5264e7f17a852458,5371
formal_t00_s13_forward_replace_then_cancel,neutral_patch,2,6857fb68c24e7390b5691e478d613fd47393f4ba8e6391f675a20372a689fc05,561f8ad418e5c3c2079c57f574dfeb54990c7e8a8623f932b6fff3ff9b7ed332,5910
formal_t00_s13_forward_replace_then_replace,full_replan,1,1c128f54ca0530440aa361e8a4dc73cd9dc3f3b9b9b7ea7ebc93b7e0fc2c2b9c,315b5892f7f210d472f6ebe4e8a92d4ef564c744d423789286479cc54fe4c6d4,5216
formal_t00_s13_forward_replace_then_replace,full_replan,2,28711ceb6a5b9c501205a1bf6586bdd0235ba305a2a9bd88a3320b3226202587,a24c58f3c05299744031f568fd270ff6391f8f87137a599f17f73d2abcca40e8,5894
formal_t00_s13_forward_replace_then_replace,cope,1,1c128f54ca0530440aa361e8a4dc73cd9dc3f3b9b9b7ea7ebc93b7e0fc2c2b9c,315b5892f7f210d472f6ebe4e8a92d4ef564c744d423789286479cc54fe4c6d4,5111
formal_t00_s13_forward_replace_then_replace,cope,2,28711ceb6a5b9c501205a1bf6586bdd0235ba305a2a9bd88a3320b3226202587,a24c58f3c05299744031f568fd270ff6391f8f87137a599f17f73d2abcca40e8,5789
formal_t00_s13_forward_replace_then_replace,neutral_patch,1,1c128f54ca0530440aa361e8a4dc73cd9dc3f3b9b9b7ea7ebc93b7e0fc2c2b9c,315b5892f7f210d472f6ebe4e8a92d4ef564c744d423789286479cc54fe4c6d4,5376
formal_t00_s13_forward_replace_then_replace,neutral_patch,2,28711ceb6a5b9c501205a1bf6586bdd0235ba305a2a9bd88a3320b3226202587,a24c58f3c05299744031f568fd270ff6391f8f87137a599f17f73d2abcca40e8,6054
formal_t00_s13_forward_replace_then_replace,fsr_pc,1,1c128f54ca0530440aa361e8a4dc73cd9dc3f3b9b9b7ea7ebc93b7e0fc2c2b9c,315b5892f7f210d472f6ebe4e8a92d4ef564c744d423789286479cc54fe4c6d4,5107
formal_t00_s13_forward_replace_then_replace,fsr_pc,2,28711ceb6a5b9c501205a1bf6586bdd0235ba305a2a9bd88a3320b3226202587,a24c58f3c05299744031f568fd270ff6391f8f87137a599f17f73d2abcca40e8,5785
formal_t00_s14_forward_replace_then_cancel,cope,1,20c00de095c1001126f071b561fde38ff8caa2d12e47438b1b71531d365a4241,5e9d77e5fb50f5f9bf3f9fdf8dfd74a6d8c7ee297ad1e22c3f1f29719c979666,5106
formal_t00_s14_forward_replace_then_cancel,cope,2,7c10ed3125455b3a967032b96db03ad75f220ce45f72272fbfa674765c443dcb,4266ee81f4da37787842fcfdb87ae4dbe79f44603f09e36c3ce7571ad67eb421,5645
formal_t00_s14_forward_replace_then_cancel,neutral_patch,1,20c00de095c1001126f071b561fde38ff8caa2d12e47438b1b71531d365a4241,5e9d77e5fb50f5f9bf3f9fdf8dfd74a6d8c7ee297ad1e22c3f1f29719c979666,5371
formal_t00_s14_forward_replace_then_cancel,neutral_patch,2,7c10ed3125455b3a967032b96db03ad75f220ce45f72272fbfa674765c443dcb,4266ee81f4da37787842fcfdb87ae4dbe79f44603f09e36c3ce7571ad67eb421,5910
formal_t00_s14_forward_replace_then_cancel,fsr_pc,1,20c00de095c1001126f071b561fde38ff8caa2d12e47438b1b71531d365a4241,5e9d77e5fb50f5f9bf3f9fdf8dfd74a6d8c7ee297ad1e22c3f1f29719c979666,5102
formal_t00_s14_forward_replace_then_cancel,fsr_pc,2,7c10ed3125455b3a967032b96db03ad75f220ce45f72272fbfa674765c443dcb,4266ee81f4da37787842fcfdb87ae4dbe79f44603f09e36c3ce7571ad67eb421,5641
formal_t00_s14_forward_replace_then_cancel,full_replan,1,20c00de095c1001126f071b561fde38ff8caa2d12e47438b1b71531d365a4241,5e9d77e5fb50f5f9bf3f9fdf8dfd74a6d8c7ee297ad1e22c3f1f29719c979666,5211
formal_t00_s14_forward_replace_then_cancel,full_replan,2,7c10ed3125455b3a967032b96db03ad75f220ce45f72272fbfa674765c443dcb,4266ee81f4da37787842fcfdb87ae4dbe79f44603f09e36c3ce7571ad67eb421,5750
formal_t00_s14_forward_replace_then_replace,neutral_patch,1,c03a83014345eb5bc8fc16e43fa4d717a494087a989bfa9e1e31352a195b7809,f729b3721badf06dcd9f7783ceba5586c3a86bc97ac347d2864a2ac5a068604b,5376
formal_t00_s14_forward_replace_then_replace,neutral_patch,2,a2fbb011723ff156595267b3e383cb958ad39aaa946d65204452f7f4dd427e2f,f3f78805090053ac3113aebea7969c85698802c6ce5be552d790fb555e7c456c,6054
formal_t00_s14_forward_replace_then_replace,fsr_pc,1,c03a83014345eb5bc8fc16e43fa4d717a494087a989bfa9e1e31352a195b7809,f729b3721badf06dcd9f7783ceba5586c3a86bc97ac347d2864a2ac5a068604b,5107
formal_t00_s14_forward_replace_then_replace,fsr_pc,2,a2fbb011723ff156595267b3e383cb958ad39aaa946d65204452f7f4dd427e2f,f3f78805090053ac3113aebea7969c85698802c6ce5be552d790fb555e7c456c,5785
formal_t00_s14_forward_replace_then_replace,full_replan,1,c03a83014345eb5bc8fc16e43fa4d717a494087a989bfa9e1e31352a195b7809,f729b3721badf06dcd9f7783ceba5586c3a86bc97ac347d2864a2ac5a068604b,5216
formal_t00_s14_forward_replace_then_replace,full_replan,2,a2fbb011723ff156595267b3e383cb958ad39aaa946d65204452f7f4dd427e2f,f3f78805090053ac3113aebea7969c85698802c6ce5be552d790fb555e7c456c,5894
formal_t00_s14_forward_replace_then_replace,cope,1,c03a83014345eb5bc8fc16e43fa4d717a494087a989bfa9e1e31352a195b7809,f729b3721badf06dcd9f7783ceba5586c3a86bc97ac347d2864a2ac5a068604b,5111
formal_t00_s14_forward_replace_then_replace,cope,2,a2fbb011723ff156595267b3e383cb958ad39aaa946d65204452f7f4dd427e2f,f3f78805090053ac3113aebea7969c85698802c6ce5be552d790fb555e7c456c,5789
formal_t00_s15_forward_replace_then_cancel,fsr_pc,1,3dea65b4eeaa30c806aea30a7ddc0d157ae35b297a37f230588900b7ea6da801,2c45f9b955487e64bd039a219f6c8b385d260f169ecf0e4ce3443d6d4ecd2ec5,5102
formal_t00_s15_forward_replace_then_cancel,fsr_pc,2,3f1e66268db5cf796c30d865e543a986f7f18474cb7c542e1bffee26b4467ff3,12c029f8167a86a0d44549ccd0c36a94d4f8a2878391dfa8fff3cc363080db61,5641
formal_t00_s15_forward_replace_then_cancel,full_replan,1,3dea65b4eeaa30c806aea30a7ddc0d157ae35b297a37f230588900b7ea6da801,2c45f9b955487e64bd039a219f6c8b385d260f169ecf0e4ce3443d6d4ecd2ec5,5211
formal_t00_s15_forward_replace_then_cancel,full_replan,2,3f1e66268db5cf796c30d865e543a986f7f18474cb7c542e1bffee26b4467ff3,12c029f8167a86a0d44549ccd0c36a94d4f8a2878391dfa8fff3cc363080db61,5750
formal_t00_s15_forward_replace_then_cancel,cope,1,3dea65b4eeaa30c806aea30a7ddc0d157ae35b297a37f230588900b7ea6da801,2c45f9b955487e64bd039a219f6c8b385d260f169ecf0e4ce3443d6d4ecd2ec5,5106
formal_t00_s15_forward_replace_then_cancel,cope,2,3f1e66268db5cf796c30d865e543a986f7f18474cb7c542e1bffee26b4467ff3,12c029f8167a86a0d44549ccd0c36a94d4f8a2878391dfa8fff3cc363080db61,5645
formal_t00_s15_forward_replace_then_cancel,neutral_patch,1,3dea65b4eeaa30c806aea30a7ddc0d157ae35b297a37f230588900b7ea6da801,2c45f9b955487e64bd039a219f6c8b385d260f169ecf0e4ce3443d6d4ecd2ec5,5371
formal_t00_s15_forward_replace_then_cancel,neutral_patch,2,3f1e66268db5cf796c30d865e543a986f7f18474cb7c542e1bffee26b4467ff3,12c029f8167a86a0d44549ccd0c36a94d4f8a2878391dfa8fff3cc363080db61,5910
formal_t00_s15_forward_replace_then_replace,full_replan,1,dff83d3fe461daecc391d3bbb90eb762ef548dc0373dabe7318abffa0e235172,844cf0ffd0f38c54457830d8a0a3be5d9ff62679619e234423237352c4b42811,5216
formal_t00_s15_forward_replace_then_replace,full_replan,2,8b8ff2d70858bbb8dc2783ad2461cd6bbaa94763b96911cc888659fe58505559,77ce568c3eac608785d9cc1f8d4559d84bc78a30290bb3a42252d517485d4781,5894
formal_t00_s15_forward_replace_then_replace,cope,1,dff83d3fe461daecc391d3bbb90eb762ef548dc0373dabe7318abffa0e235172,844cf0ffd0f38c54457830d8a0a3be5d9ff62679619e234423237352c4b42811,5111
formal_t00_s15_forward_replace_then_replace,cope,2,8b8ff2d70858bbb8dc2783ad2461cd6bbaa94763b96911cc888659fe58505559,77ce568c3eac608785d9cc1f8d4559d84bc78a30290bb3a42252d517485d4781,5789
formal_t00_s15_forward_replace_then_replace,neutral_patch,1,dff83d3fe461daecc391d3bbb90eb762ef548dc0373dabe7318abffa0e235172,844cf0ffd0f38c54457830d8a0a3be5d9ff62679619e234423237352c4b42811,5376
formal_t00_s15_forward_replace_then_replace,neutral_patch,2,8b8ff2d70858bbb8dc2783ad2461cd6bbaa94763b96911cc888659fe58505559,77ce568c3eac608785d9cc1f8d4559d84bc78a30290bb3a42252d517485d4781,6054
formal_t00_s15_forward_replace_then_replace,fsr_pc,1,dff83d3fe461daecc391d3bbb90eb762ef548dc0373dabe7318abffa0e235172,844cf0ffd0f38c54457830d8a0a3be5d9ff62679619e234423237352c4b42811,5107
formal_t00_s15_forward_replace_then_replace,fsr_pc,2,8b8ff2d70858bbb8dc2783ad2461cd6bbaa94763b96911cc888659fe58505559,77ce568c3eac608785d9cc1f8d4559d84bc78a30290bb3a42252d517485d4781,5785
formal_t00_s16_forward_replace_then_cancel,cope,1,6a56ec78ecc9c4724c639f5fbb8962aee2890c1ee91fb535ee8f6bb8b06bb638,4b201a32afe987fb334c76c660fba77c9e8eda6b5a3ff4bbb18a8fdd7e8c7ace,5106
formal_t00_s16_forward_replace_then_cancel,cope,2,7d443182fa47c24bedec1aac9451bf215401d1732f32f1e03b04c37e019f9c19,0cc670c8c626065f5f7baf4a31f8b44c037e06052d19c167ea1ce1c763bda63d,5645
formal_t00_s16_forward_replace_then_cancel,neutral_patch,1,6a56ec78ecc9c4724c639f5fbb8962aee2890c1ee91fb535ee8f6bb8b06bb638,4b201a32afe987fb334c76c660fba77c9e8eda6b5a3ff4bbb18a8fdd7e8c7ace,5371
formal_t00_s16_forward_replace_then_cancel,neutral_patch,2,7d443182fa47c24bedec1aac9451bf215401d1732f32f1e03b04c37e019f9c19,0cc670c8c626065f5f7baf4a31f8b44c037e06052d19c167ea1ce1c763bda63d,5910
formal_t00_s16_forward_replace_then_cancel,fsr_pc,1,6a56ec78ecc9c4724c639f5fbb8962aee2890c1ee91fb535ee8f6bb8b06bb638,4b201a32afe987fb334c76c660fba77c9e8eda6b5a3ff4bbb18a8fdd7e8c7ace,5102
formal_t00_s16_forward_replace_then_cancel,fsr_pc,2,7d443182fa47c24bedec1aac9451bf215401d1732f32f1e03b04c37e019f9c19,0cc670c8c626065f5f7baf4a31f8b44c037e06052d19c167ea1ce1c763bda63d,5641
formal_t00_s16_forward_replace_then_cancel,full_replan,1,6a56ec78ecc9c4724c639f5fbb8962aee2890c1ee91fb535ee8f6bb8b06bb638,4b201a32afe987fb334c76c660fba77c9e8eda6b5a3ff4bbb18a8fdd7e8c7ace,5211
formal_t00_s16_forward_replace_then_cancel,full_replan,2,7d443182fa47c24bedec1aac9451bf215401d1732f32f1e03b04c37e019f9c19,0cc670c8c626065f5f7baf4a31f8b44c037e06052d19c167ea1ce1c763bda63d,5750
formal_t00_s16_forward_replace_then_replace,neutral_patch,1,491b0d62087228029241866051925c87bda8e36fbf3e9573608721ed8dab142f,b2f7aee1945cd218a4cbf5ce21393d0342435999a0ede29df1e05df455bd69a3,5376
formal_t00_s16_forward_replace_then_replace,neutral_patch,2,48503b0ad134de160207de1bf25a3e6a5bee9bcbda9772f6416cd1fb952b40f7,4b0b287795e98f39ee0557be93581b2573575bd77d0c8c3eed1b1e47532c5731,6054
formal_t00_s16_forward_replace_then_replace,fsr_pc,1,491b0d62087228029241866051925c87bda8e36fbf3e9573608721ed8dab142f,b2f7aee1945cd218a4cbf5ce21393d0342435999a0ede29df1e05df455bd69a3,5107
formal_t00_s16_forward_replace_then_replace,fsr_pc,2,48503b0ad134de160207de1bf25a3e6a5bee9bcbda9772f6416cd1fb952b40f7,4b0b287795e98f39ee0557be93581b2573575bd77d0c8c3eed1b1e47532c5731,5785
formal_t00_s16_forward_replace_then_replace,full_replan,1,491b0d62087228029241866051925c87bda8e36fbf3e9573608721ed8dab142f,b2f7aee1945cd218a4cbf5ce21393d0342435999a0ede29df1e05df455bd69a3,5216
formal_t00_s16_forward_replace_then_replace,full_replan,2,48503b0ad134de160207de1bf25a3e6a5bee9bcbda9772f6416cd1fb952b40f7,4b0b287795e98f39ee0557be93581b2573575bd77d0c8c3eed1b1e47532c5731,5894
formal_t00_s16_forward_replace_then_replace,cope,1,491b0d62087228029241866051925c87bda8e36fbf3e9573608721ed8dab142f,b2f7aee1945cd218a4cbf5ce21393d0342435999a0ede29df1e05df455bd69a3,5111
formal_t00_s16_forward_replace_then_replace,cope,2,48503b0ad134de160207de1bf25a3e6a5bee9bcbda9772f6416cd1fb952b40f7,4b0b287795e98f39ee0557be93581b2573575bd77d0c8c3eed1b1e47532c5731,5789
formal_t00_s17_forward_replace_then_cancel,fsr_pc,1,1a3379bb978baaa849a5661305f7e8b4044409548d859a05813a8ab47fb5952d,e142fe91014e412dc426949c1352adb0282458f495617d998d597ee524a5e045,5102
formal_t00_s17_forward_replace_then_cancel,fsr_pc,2,4606d62c6222ab51a9bb67ae63cdcec617986d74b29c89e8587a579221afbaff,34eae1077e396578435400eef701396230c2ae1fbc4fe3f31a6c42380e6040c4,5641
formal_t00_s17_forward_replace_then_cancel,full_replan,1,1a3379bb978baaa849a5661305f7e8b4044409548d859a05813a8ab47fb5952d,e142fe91014e412dc426949c1352adb0282458f495617d998d597ee524a5e045,5211
formal_t00_s17_forward_replace_then_cancel,full_replan,2,4606d62c6222ab51a9bb67ae63cdcec617986d74b29c89e8587a579221afbaff,34eae1077e396578435400eef701396230c2ae1fbc4fe3f31a6c42380e6040c4,5750
formal_t00_s17_forward_replace_then_cancel,cope,1,1a3379bb978baaa849a5661305f7e8b4044409548d859a05813a8ab47fb5952d,e142fe91014e412dc426949c1352adb0282458f495617d998d597ee524a5e045,5106
formal_t00_s17_forward_replace_then_cancel,cope,2,4606d62c6222ab51a9bb67ae63cdcec617986d74b29c89e8587a579221afbaff,34eae1077e396578435400eef701396230c2ae1fbc4fe3f31a6c42380e6040c4,5645
formal_t00_s17_forward_replace_then_cancel,neutral_patch,1,1a3379bb978baaa849a5661305f7e8b4044409548d859a05813a8ab47fb5952d,e142fe91014e412dc426949c1352adb0282458f495617d998d597ee524a5e045,5371
formal_t00_s17_forward_replace_then_cancel,neutral_patch,2,4606d62c6222ab51a9bb67ae63cdcec617986d74b29c89e8587a579221afbaff,34eae1077e396578435400eef701396230c2ae1fbc4fe3f31a6c42380e6040c4,5910
formal_t00_s17_forward_replace_then_replace,full_replan,1,b61686a224a73c52c8211625edf0645173ab1f7caccd138e3d1a219360a9b6dc,5e02885b97b542e3fd340ecd2bf0bf7f5882875887b3156864b7b3503fcd9269,5216
formal_t00_s17_forward_replace_then_replace,full_replan,2,1f7d7611424c04d796ce27b9ac588e71c3fcaefc97ee80c4834a7a3b66ca23de,b87fc6fb5ffb1dc5de8f425fdd6111fb7d949f381d26c7fd089e22542b94f45b,5894
formal_t00_s17_forward_replace_then_replace,cope,1,b61686a224a73c52c8211625edf0645173ab1f7caccd138e3d1a219360a9b6dc,5e02885b97b542e3fd340ecd2bf0bf7f5882875887b3156864b7b3503fcd9269,5111
formal_t00_s17_forward_replace_then_replace,cope,2,1f7d7611424c04d796ce27b9ac588e71c3fcaefc97ee80c4834a7a3b66ca23de,b87fc6fb5ffb1dc5de8f425fdd6111fb7d949f381d26c7fd089e22542b94f45b,5789
formal_t00_s17_forward_replace_then_replace,neutral_patch,1,b61686a224a73c52c8211625edf0645173ab1f7caccd138e3d1a219360a9b6dc,5e02885b97b542e3fd340ecd2bf0bf7f5882875887b3156864b7b3503fcd9269,5376
formal_t00_s17_forward_replace_then_replace,neutral_patch,2,1f7d7611424c04d796ce27b9ac588e71c3fcaefc97ee80c4834a7a3b66ca23de,b87fc6fb5ffb1dc5de8f425fdd6111fb7d949f381d26c7fd089e22542b94f45b,6054
formal_t00_s17_forward_replace_then_replace,fsr_pc,1,b61686a224a73c52c8211625edf0645173ab1f7caccd138e3d1a219360a9b6dc,5e02885b97b542e3fd340ecd2bf0bf7f5882875887b3156864b7b3503fcd9269,5107
formal_t00_s17_forward_replace_then_replace,fsr_pc,2,1f7d7611424c04d796ce27b9ac588e71c3fcaefc97ee80c4834a7a3b66ca23de,b87fc6fb5ffb1dc5de8f425fdd6111fb7d949f381d26c7fd089e22542b94f45b,5785
formal_t00_s18_forward_replace_then_cancel,cope,1,b69dae892ada19c5d5ff4f7c6fd68b01b9a6d713a13d476e2b575613cbc9c739,cc1e4cfc586654fc6a9958f53bbf11eeba9021b7aae211820e3cb21c92e7d4d5,5106
formal_t00_s18_forward_replace_then_cancel,cope,2,951c93d5104271e27257db6c4c762dfd7a5a9485113ad0b5cf324a1c78cc5cdd,5bc0a5ed268a2cb55ab30de442449d43172e363af8b57ac05bdbb0823abe9fa2,5645
formal_t00_s18_forward_replace_then_cancel,neutral_patch,1,b69dae892ada19c5d5ff4f7c6fd68b01b9a6d713a13d476e2b575613cbc9c739,cc1e4cfc586654fc6a9958f53bbf11eeba9021b7aae211820e3cb21c92e7d4d5,5371
formal_t00_s18_forward_replace_then_cancel,neutral_patch,2,951c93d5104271e27257db6c4c762dfd7a5a9485113ad0b5cf324a1c78cc5cdd,5bc0a5ed268a2cb55ab30de442449d43172e363af8b57ac05bdbb0823abe9fa2,5910
formal_t00_s18_forward_replace_then_cancel,fsr_pc,1,b69dae892ada19c5d5ff4f7c6fd68b01b9a6d713a13d476e2b575613cbc9c739,cc1e4cfc586654fc6a9958f53bbf11eeba9021b7aae211820e3cb21c92e7d4d5,5102
formal_t00_s18_forward_replace_then_cancel,fsr_pc,2,951c93d5104271e27257db6c4c762dfd7a5a9485113ad0b5cf324a1c78cc5cdd,5bc0a5ed268a2cb55ab30de442449d43172e363af8b57ac05bdbb0823abe9fa2,5641
formal_t00_s18_forward_replace_then_cancel,full_replan,1,b69dae892ada19c5d5ff4f7c6fd68b01b9a6d713a13d476e2b575613cbc9c739,cc1e4cfc586654fc6a9958f53bbf11eeba9021b7aae211820e3cb21c92e7d4d5,5211
formal_t00_s18_forward_replace_then_cancel,full_replan,2,951c93d5104271e27257db6c4c762dfd7a5a9485113ad0b5cf324a1c78cc5cdd,5bc0a5ed268a2cb55ab30de442449d43172e363af8b57ac05bdbb0823abe9fa2,5750
formal_t00_s18_forward_replace_then_replace,neutral_patch,1,a37afa190040d66c25b75bb6ae0594e59f23c74027495841734d79bb98b02563,2fd1d0b2231586aa3365026412eb42c5c17a800f61f9069d0cd56b57bf6074aa,5376
formal_t00_s18_forward_replace_then_replace,neutral_patch,2,f4fedf319bf80f2294038e2b85879f6f70cc5898bb561f3645578740bdd5fccf,6b45bcedde8959b6f59bafe4366d52ab836ed8eae83cdeb796f3c913ea745b79,6054
formal_t00_s18_forward_replace_then_replace,fsr_pc,1,a37afa190040d66c25b75bb6ae0594e59f23c74027495841734d79bb98b02563,2fd1d0b2231586aa3365026412eb42c5c17a800f61f9069d0cd56b57bf6074aa,5107
formal_t00_s18_forward_replace_then_replace,fsr_pc,2,f4fedf319bf80f2294038e2b85879f6f70cc5898bb561f3645578740bdd5fccf,6b45bcedde8959b6f59bafe4366d52ab836ed8eae83cdeb796f3c913ea745b79,5785
formal_t00_s18_forward_replace_then_replace,full_replan,1,a37afa190040d66c25b75bb6ae0594e59f23c74027495841734d79bb98b02563,2fd1d0b2231586aa3365026412eb42c5c17a800f61f9069d0cd56b57bf6074aa,5216
formal_t00_s18_forward_replace_then_replace,full_replan,2,f4fedf319bf80f2294038e2b85879f6f70cc5898bb561f3645578740bdd5fccf,6b45bcedde8959b6f59bafe4366d52ab836ed8eae83cdeb796f3c913ea745b79,5894
formal_t00_s18_forward_replace_then_replace,cope,1,a37afa190040d66c25b75bb6ae0594e59f23c74027495841734d79bb98b02563,2fd1d0b2231586aa3365026412eb42c5c17a800f61f9069d0cd56b57bf6074aa,5111
formal_t00_s18_forward_replace_then_replace,cope,2,f4fedf319bf80f2294038e2b85879f6f70cc5898bb561f3645578740bdd5fccf,6b45bcedde8959b6f59bafe4366d52ab836ed8eae83cdeb796f3c913ea745b79,5789
formal_t00_s19_forward_replace_then_cancel,fsr_pc,1,fb1428a7bcf470f704d1cc5211047d6851c535e2a5b2b1640d893c2b80deb52e,2d3f7164f9b1a776c581870bf5e18023187557c8d179dca70defa2b9df0d6c28,5102
formal_t00_s19_forward_replace_then_cancel,fsr_pc,2,2b551f34a9041d207b7095e2083d65c46633c39ac8c6ad0d2c1bc8adbdc4b295,15250c4daaf90cd5cb3e5486d22b45f4ad53acf2e905b5d78fdf3ff92fb7364b,5641
formal_t00_s19_forward_replace_then_cancel,full_replan,1,fb1428a7bcf470f704d1cc5211047d6851c535e2a5b2b1640d893c2b80deb52e,2d3f7164f9b1a776c581870bf5e18023187557c8d179dca70defa2b9df0d6c28,5211
formal_t00_s19_forward_replace_then_cancel,full_replan,2,2b551f34a9041d207b7095e2083d65c46633c39ac8c6ad0d2c1bc8adbdc4b295,15250c4daaf90cd5cb3e5486d22b45f4ad53acf2e905b5d78fdf3ff92fb7364b,5750
formal_t00_s19_forward_replace_then_cancel,cope,1,fb1428a7bcf470f704d1cc5211047d6851c535e2a5b2b1640d893c2b80deb52e,2d3f7164f9b1a776c581870bf5e18023187557c8d179dca70defa2b9df0d6c28,5106
formal_t00_s19_forward_replace_then_cancel,cope,2,2b551f34a9041d207b7095e2083d65c46633c39ac8c6ad0d2c1bc8adbdc4b295,15250c4daaf90cd5cb3e5486d22b45f4ad53acf2e905b5d78fdf3ff92fb7364b,5645
formal_t00_s19_forward_replace_then_cancel,neutral_patch,1,fb1428a7bcf470f704d1cc5211047d6851c535e2a5b2b1640d893c2b80deb52e,2d3f7164f9b1a776c581870bf5e18023187557c8d179dca70defa2b9df0d6c28,5371
formal_t00_s19_forward_replace_then_cancel,neutral_patch,2,2b551f34a9041d207b7095e2083d65c46633c39ac8c6ad0d2c1bc8adbdc4b295,15250c4daaf90cd5cb3e5486d22b45f4ad53acf2e905b5d78fdf3ff92fb7364b,5910
formal_t00_s19_forward_replace_then_replace,full_replan,1,1fd49347343c99f7b6ac2542c7d58fda25d0dd1eb6aeb91deb49cf8613df8c77,d1a2d6e732e99c1190ebcca54580fad54f92727fcf79c885df6aa6d719ad9cc3,5216
formal_t00_s19_forward_replace_then_replace,full_replan,2,6b95d121be61da73cddcafb02157c06313c949dd53f8edeefdbe67cf123bc1f9,d9d1a34a275326fb665e26fdc5b9101b0a61971c77f8f9dd10b3428315b0ae54,5894
formal_t00_s19_forward_replace_then_replace,cope,1,1fd49347343c99f7b6ac2542c7d58fda25d0dd1eb6aeb91deb49cf8613df8c77,d1a2d6e732e99c1190ebcca54580fad54f92727fcf79c885df6aa6d719ad9cc3,5111
formal_t00_s19_forward_replace_then_replace,cope,2,6b95d121be61da73cddcafb02157c06313c949dd53f8edeefdbe67cf123bc1f9,d9d1a34a275326fb665e26fdc5b9101b0a61971c77f8f9dd10b3428315b0ae54,5789
formal_t00_s19_forward_replace_then_replace,neutral_patch,1,1fd49347343c99f7b6ac2542c7d58fda25d0dd1eb6aeb91deb49cf8613df8c77,d1a2d6e732e99c1190ebcca54580fad54f92727fcf79c885df6aa6d719ad9cc3,5376
formal_t00_s19_forward_replace_then_replace,neutral_patch,2,6b95d121be61da73cddcafb02157c06313c949dd53f8edeefdbe67cf123bc1f9,d9d1a34a275326fb665e26fdc5b9101b0a61971c77f8f9dd10b3428315b0ae54,6054
formal_t00_s19_forward_replace_then_replace,fsr_pc,1,1fd49347343c99f7b6ac2542c7d58fda25d0dd1eb6aeb91deb49cf8613df8c77,d1a2d6e732e99c1190ebcca54580fad54f92727fcf79c885df6aa6d719ad9cc3,5107
formal_t00_s19_forward_replace_then_replace,fsr_pc,2,6b95d121be61da73cddcafb02157c06313c949dd53f8edeefdbe67cf123bc1f9,d9d1a34a275326fb665e26fdc5b9101b0a61971c77f8f9dd10b3428315b0ae54,5785
formal_t00_s20_reverse_replace_then_cancel,cope,1,391985890d9d751e4ee18968bdf5c8ecb9bea5f5fcf6e092bad47c29019722d4,d212c455fe06b1f28a510c1da8a04fc7f242964f3f83179303f566492ac0cb25,5106
formal_t00_s20_reverse_replace_then_cancel,cope,2,ec0e476752b28d6d7a816f79e8b47cb72ea0d625f190d73e507a76ed5d4488ee,538d9df2a4487d058c5198547a19d8fc709b94f327e5e3695d4e365dbed739ff,5640
formal_t00_s20_reverse_replace_then_cancel,neutral_patch,1,391985890d9d751e4ee18968bdf5c8ecb9bea5f5fcf6e092bad47c29019722d4,d212c455fe06b1f28a510c1da8a04fc7f242964f3f83179303f566492ac0cb25,5371
formal_t00_s20_reverse_replace_then_cancel,neutral_patch,2,ec0e476752b28d6d7a816f79e8b47cb72ea0d625f190d73e507a76ed5d4488ee,538d9df2a4487d058c5198547a19d8fc709b94f327e5e3695d4e365dbed739ff,5905
formal_t00_s20_reverse_replace_then_cancel,fsr_pc,1,391985890d9d751e4ee18968bdf5c8ecb9bea5f5fcf6e092bad47c29019722d4,d212c455fe06b1f28a510c1da8a04fc7f242964f3f83179303f566492ac0cb25,5102
formal_t00_s20_reverse_replace_then_cancel,fsr_pc,2,ec0e476752b28d6d7a816f79e8b47cb72ea0d625f190d73e507a76ed5d4488ee,538d9df2a4487d058c5198547a19d8fc709b94f327e5e3695d4e365dbed739ff,5636
formal_t00_s20_reverse_replace_then_cancel,full_replan,1,391985890d9d751e4ee18968bdf5c8ecb9bea5f5fcf6e092bad47c29019722d4,d212c455fe06b1f28a510c1da8a04fc7f242964f3f83179303f566492ac0cb25,5211
formal_t00_s20_reverse_replace_then_cancel,full_replan,2,ec0e476752b28d6d7a816f79e8b47cb72ea0d625f190d73e507a76ed5d4488ee,538d9df2a4487d058c5198547a19d8fc709b94f327e5e3695d4e365dbed739ff,5745
formal_t00_s20_reverse_replace_then_replace,neutral_patch,1,3a69fe5c3a067f49154a225fddd38644692859eb8719b10888975db7877ca493,b30aded8cb15980f6d63e5d8262d63d0f6f1f6a73c6b4c67d1cf889ab9e2eb4e,5376
formal_t00_s20_reverse_replace_then_replace,neutral_patch,2,4996eb23de579b5504d0c1a926d2af176682132bfec4a5c55dc514795f3be1c1,7f6cd76b4e10c6da3254074be9f3b002ecce6d3b198cd4a2839919b57ad955df,6049
formal_t00_s20_reverse_replace_then_replace,fsr_pc,1,3a69fe5c3a067f49154a225fddd38644692859eb8719b10888975db7877ca493,b30aded8cb15980f6d63e5d8262d63d0f6f1f6a73c6b4c67d1cf889ab9e2eb4e,5107
formal_t00_s20_reverse_replace_then_replace,fsr_pc,2,4996eb23de579b5504d0c1a926d2af176682132bfec4a5c55dc514795f3be1c1,7f6cd76b4e10c6da3254074be9f3b002ecce6d3b198cd4a2839919b57ad955df,5780
formal_t00_s20_reverse_replace_then_replace,full_replan,1,3a69fe5c3a067f49154a225fddd38644692859eb8719b10888975db7877ca493,b30aded8cb15980f6d63e5d8262d63d0f6f1f6a73c6b4c67d1cf889ab9e2eb4e,5216
formal_t00_s20_reverse_replace_then_replace,full_replan,2,4996eb23de579b5504d0c1a926d2af176682132bfec4a5c55dc514795f3be1c1,7f6cd76b4e10c6da3254074be9f3b002ecce6d3b198cd4a2839919b57ad955df,5889
formal_t00_s20_reverse_replace_then_replace,cope,1,3a69fe5c3a067f49154a225fddd38644692859eb8719b10888975db7877ca493,b30aded8cb15980f6d63e5d8262d63d0f6f1f6a73c6b4c67d1cf889ab9e2eb4e,5111
formal_t00_s20_reverse_replace_then_replace,cope,2,4996eb23de579b5504d0c1a926d2af176682132bfec4a5c55dc514795f3be1c1,7f6cd76b4e10c6da3254074be9f3b002ecce6d3b198cd4a2839919b57ad955df,5784
formal_t00_s21_reverse_replace_then_cancel,fsr_pc,1,3e8d46a1407c1fde46128b63acea34e1e88931b1f73dbe064446811d52f73a6b,c6428107e9d59e76db735ae964272c68b352250c6163870d5479688958115fb4,5102
formal_t00_s21_reverse_replace_then_cancel,fsr_pc,2,69edecdd4ad17c61874f768186110d9da8c0cdc2e34eb673cbe910a3329d7f0a,a7f13ff15eea76b6b5797800758a3771829dbbaa09de01b754f6a7e9175d82d2,5636
formal_t00_s21_reverse_replace_then_cancel,full_replan,1,3e8d46a1407c1fde46128b63acea34e1e88931b1f73dbe064446811d52f73a6b,c6428107e9d59e76db735ae964272c68b352250c6163870d5479688958115fb4,5211
formal_t00_s21_reverse_replace_then_cancel,full_replan,2,69edecdd4ad17c61874f768186110d9da8c0cdc2e34eb673cbe910a3329d7f0a,a7f13ff15eea76b6b5797800758a3771829dbbaa09de01b754f6a7e9175d82d2,5745
formal_t00_s21_reverse_replace_then_cancel,cope,1,3e8d46a1407c1fde46128b63acea34e1e88931b1f73dbe064446811d52f73a6b,c6428107e9d59e76db735ae964272c68b352250c6163870d5479688958115fb4,5106
formal_t00_s21_reverse_replace_then_cancel,cope,2,69edecdd4ad17c61874f768186110d9da8c0cdc2e34eb673cbe910a3329d7f0a,a7f13ff15eea76b6b5797800758a3771829dbbaa09de01b754f6a7e9175d82d2,5640
formal_t00_s21_reverse_replace_then_cancel,neutral_patch,1,3e8d46a1407c1fde46128b63acea34e1e88931b1f73dbe064446811d52f73a6b,c6428107e9d59e76db735ae964272c68b352250c6163870d5479688958115fb4,5371
formal_t00_s21_reverse_replace_then_cancel,neutral_patch,2,69edecdd4ad17c61874f768186110d9da8c0cdc2e34eb673cbe910a3329d7f0a,a7f13ff15eea76b6b5797800758a3771829dbbaa09de01b754f6a7e9175d82d2,5905
formal_t00_s21_reverse_replace_then_replace,full_replan,1,14f6e7badf2ba797152bf715376e29624ef834e149bfe6b8f07643c542d4efbe,1fb666ec26b476b92c517109582d8db8ac37835b369e82e1c00d05c617839f17,5216
formal_t00_s21_reverse_replace_then_replace,full_replan,2,5341211613f99627a54c8585fc235388926eaf4b53997372aee84b44a65ef177,b7d8b3638cd3f7d72011a369022e795730709a3ed4c40e6e3a19b46db6c9ef60,5889
formal_t00_s21_reverse_replace_then_replace,cope,1,14f6e7badf2ba797152bf715376e29624ef834e149bfe6b8f07643c542d4efbe,1fb666ec26b476b92c517109582d8db8ac37835b369e82e1c00d05c617839f17,5111
formal_t00_s21_reverse_replace_then_replace,cope,2,5341211613f99627a54c8585fc235388926eaf4b53997372aee84b44a65ef177,b7d8b3638cd3f7d72011a369022e795730709a3ed4c40e6e3a19b46db6c9ef60,5784
formal_t00_s21_reverse_replace_then_replace,neutral_patch,1,14f6e7badf2ba797152bf715376e29624ef834e149bfe6b8f07643c542d4efbe,1fb666ec26b476b92c517109582d8db8ac37835b369e82e1c00d05c617839f17,5376
formal_t00_s21_reverse_replace_then_replace,neutral_patch,2,5341211613f99627a54c8585fc235388926eaf4b53997372aee84b44a65ef177,b7d8b3638cd3f7d72011a369022e795730709a3ed4c40e6e3a19b46db6c9ef60,6049
formal_t00_s21_reverse_replace_then_replace,fsr_pc,1,14f6e7badf2ba797152bf715376e29624ef834e149bfe6b8f07643c542d4efbe,1fb666ec26b476b92c517109582d8db8ac37835b369e82e1c00d05c617839f17,5107
formal_t00_s21_reverse_replace_then_replace,fsr_pc,2,5341211613f99627a54c8585fc235388926eaf4b53997372aee84b44a65ef177,b7d8b3638cd3f7d72011a369022e795730709a3ed4c40e6e3a19b46db6c9ef60,5780
formal_t00_s22_reverse_replace_then_cancel,cope,1,06cb3c7e403bbd43f7f8734cba906be1e5a54d953575ea4aca5cec65c147018f,ad7a43390bec4549a185f66160b94b4bd210154c1ed3c171a45b246924a83bd7,5106
formal_t00_s22_reverse_replace_then_cancel,cope,2,1862c9294f9e1e3a7e10eebe8b48c11951f869ceb1a3361f75463879dac3a0bb,8c468adff49b82120b07c0f4e2c337d37c34346b4707d5792aed62f0d9d169d9,5640
formal_t00_s22_reverse_replace_then_cancel,neutral_patch,1,06cb3c7e403bbd43f7f8734cba906be1e5a54d953575ea4aca5cec65c147018f,ad7a43390bec4549a185f66160b94b4bd210154c1ed3c171a45b246924a83bd7,5371
formal_t00_s22_reverse_replace_then_cancel,neutral_patch,2,1862c9294f9e1e3a7e10eebe8b48c11951f869ceb1a3361f75463879dac3a0bb,8c468adff49b82120b07c0f4e2c337d37c34346b4707d5792aed62f0d9d169d9,5905
formal_t00_s22_reverse_replace_then_cancel,fsr_pc,1,06cb3c7e403bbd43f7f8734cba906be1e5a54d953575ea4aca5cec65c147018f,ad7a43390bec4549a185f66160b94b4bd210154c1ed3c171a45b246924a83bd7,5102
formal_t00_s22_reverse_replace_then_cancel,fsr_pc,2,1862c9294f9e1e3a7e10eebe8b48c11951f869ceb1a3361f75463879dac3a0bb,8c468adff49b82120b07c0f4e2c337d37c34346b4707d5792aed62f0d9d169d9,5636
formal_t00_s22_reverse_replace_then_cancel,full_replan,1,06cb3c7e403bbd43f7f8734cba906be1e5a54d953575ea4aca5cec65c147018f,ad7a43390bec4549a185f66160b94b4bd210154c1ed3c171a45b246924a83bd7,5211
formal_t00_s22_reverse_replace_then_cancel,full_replan,2,1862c9294f9e1e3a7e10eebe8b48c11951f869ceb1a3361f75463879dac3a0bb,8c468adff49b82120b07c0f4e2c337d37c34346b4707d5792aed62f0d9d169d9,5745
formal_t00_s22_reverse_replace_then_replace,neutral_patch,1,87c7f3a6ee53e9677972efeba70b6551f078af6ca73ac7959e578be834b347b0,5ee0640c738defaed38c650c7f525be62344db03f75b91391c43e6650aa4b7d7,5376
formal_t00_s22_reverse_replace_then_replace,neutral_patch,2,2e9d51b12064aafbd7cfe4c51941056e1fd93b4350ad58b63ca1379b98aa3673,bb296a16ce3d480f36b131ebb8a8f6e73900fbaaffdb8d180aed6a95452a21e4,6049
formal_t00_s22_reverse_replace_then_replace,fsr_pc,1,87c7f3a6ee53e9677972efeba70b6551f078af6ca73ac7959e578be834b347b0,5ee0640c738defaed38c650c7f525be62344db03f75b91391c43e6650aa4b7d7,5107
formal_t00_s22_reverse_replace_then_replace,fsr_pc,2,2e9d51b12064aafbd7cfe4c51941056e1fd93b4350ad58b63ca1379b98aa3673,bb296a16ce3d480f36b131ebb8a8f6e73900fbaaffdb8d180aed6a95452a21e4,5780
formal_t00_s22_reverse_replace_then_replace,full_replan,1,87c7f3a6ee53e9677972efeba70b6551f078af6ca73ac7959e578be834b347b0,5ee0640c738defaed38c650c7f525be62344db03f75b91391c43e6650aa4b7d7,5216
formal_t00_s22_reverse_replace_then_replace,full_replan,2,2e9d51b12064aafbd7cfe4c51941056e1fd93b4350ad58b63ca1379b98aa3673,bb296a16ce3d480f36b131ebb8a8f6e73900fbaaffdb8d180aed6a95452a21e4,5889
formal_t00_s22_reverse_replace_then_replace,cope,1,87c7f3a6ee53e9677972efeba70b6551f078af6ca73ac7959e578be834b347b0,5ee0640c738defaed38c650c7f525be62344db03f75b91391c43e6650aa4b7d7,5111
formal_t00_s22_reverse_replace_then_replace,cope,2,2e9d51b12064aafbd7cfe4c51941056e1fd93b4350ad58b63ca1379b98aa3673,bb296a16ce3d480f36b131ebb8a8f6e73900fbaaffdb8d180aed6a95452a21e4,5784
formal_t00_s23_reverse_replace_then_cancel,fsr_pc,1,a7b3e172fd5cb6d32a6e828ae3c4d97ff563936f797fcd826ad1d75651b239d5,d28e6f6d1f848d5eb01cfbe93a697c986e449b6ad2969eb5b239f284ee739010,5102
formal_t00_s23_reverse_replace_then_cancel,fsr_pc,2,912dd2d4a651757e093dd40f464f95c689918def7df47823b3cdb88e12fd6bba,0b654b520cc8d3d655aabf9e423bbb70847cd24b7e5b7d3dfcce517266b0afb3,5636
formal_t00_s23_reverse_replace_then_cancel,full_replan,1,a7b3e172fd5cb6d32a6e828ae3c4d97ff563936f797fcd826ad1d75651b239d5,d28e6f6d1f848d5eb01cfbe93a697c986e449b6ad2969eb5b239f284ee739010,5211
formal_t00_s23_reverse_replace_then_cancel,full_replan,2,912dd2d4a651757e093dd40f464f95c689918def7df47823b3cdb88e12fd6bba,0b654b520cc8d3d655aabf9e423bbb70847cd24b7e5b7d3dfcce517266b0afb3,5745
formal_t00_s23_reverse_replace_then_cancel,cope,1,a7b3e172fd5cb6d32a6e828ae3c4d97ff563936f797fcd826ad1d75651b239d5,d28e6f6d1f848d5eb01cfbe93a697c986e449b6ad2969eb5b239f284ee739010,5106
formal_t00_s23_reverse_replace_then_cancel,cope,2,912dd2d4a651757e093dd40f464f95c689918def7df47823b3cdb88e12fd6bba,0b654b520cc8d3d655aabf9e423bbb70847cd24b7e5b7d3dfcce517266b0afb3,5640
formal_t00_s23_reverse_replace_then_cancel,neutral_patch,1,a7b3e172fd5cb6d32a6e828ae3c4d97ff563936f797fcd826ad1d75651b239d5,d28e6f6d1f848d5eb01cfbe93a697c986e449b6ad2969eb5b239f284ee739010,5371
formal_t00_s23_reverse_replace_then_cancel,neutral_patch,2,912dd2d4a651757e093dd40f464f95c689918def7df47823b3cdb88e12fd6bba,0b654b520cc8d3d655aabf9e423bbb70847cd24b7e5b7d3dfcce517266b0afb3,5905
formal_t00_s23_reverse_replace_then_replace,full_replan,1,76c442e0afeb654f891fbd1b5570620c41ee528a6eec6782371ee54a47d055ef,c3e5a0095520e566ce2a85e113f2890816c9ee98d2bc5d0e473182a4415272c4,5216
formal_t00_s23_reverse_replace_then_replace,full_replan,2,e1557e7f8e24137f46a10e13b3375cc59af18e53d22a71706f53c1fd14e16367,a4d5ae9d6c52158818fecd51cf5fb7f43a55ac4ff40c633fa87cc477575fd32d,5889
formal_t00_s23_reverse_replace_then_replace,cope,1,76c442e0afeb654f891fbd1b5570620c41ee528a6eec6782371ee54a47d055ef,c3e5a0095520e566ce2a85e113f2890816c9ee98d2bc5d0e473182a4415272c4,5111
formal_t00_s23_reverse_replace_then_replace,cope,2,e1557e7f8e24137f46a10e13b3375cc59af18e53d22a71706f53c1fd14e16367,a4d5ae9d6c52158818fecd51cf5fb7f43a55ac4ff40c633fa87cc477575fd32d,5784
formal_t00_s23_reverse_replace_then_replace,neutral_patch,1,76c442e0afeb654f891fbd1b5570620c41ee528a6eec6782371ee54a47d055ef,c3e5a0095520e566ce2a85e113f2890816c9ee98d2bc5d0e473182a4415272c4,5376
formal_t00_s23_reverse_replace_then_replace,neutral_patch,2,e1557e7f8e24137f46a10e13b3375cc59af18e53d22a71706f53c1fd14e16367,a4d5ae9d6c52158818fecd51cf5fb7f43a55ac4ff40c633fa87cc477575fd32d,6049
formal_t00_s23_reverse_replace_then_replace,fsr_pc,1,76c442e0afeb654f891fbd1b5570620c41ee528a6eec6782371ee54a47d055ef,c3e5a0095520e566ce2a85e113f2890816c9ee98d2bc5d0e473182a4415272c4,5107
formal_t00_s23_reverse_replace_then_replace,fsr_pc,2,e1557e7f8e24137f46a10e13b3375cc59af18e53d22a71706f53c1fd14e16367,a4d5ae9d6c52158818fecd51cf5fb7f43a55ac4ff40c633fa87cc477575fd32d,5780
formal_t00_s24_reverse_replace_then_cancel,cope,1,ce2abdab306251bfdca2c8b5b6c916e2dbd3d4c89f097ca11ed6a6fa7c9db9a9,37c5b87f6de6286a630d95e6fa26d7355e33ae55fbada0663d7262b04df3a083,5106
formal_t00_s24_reverse_replace_then_cancel,cope,2,21ef5ab1f4b82c77728501589304c1ef0e028197a33c7ceeb267343bad5d3d65,d44755fe05f57ff618f637d4857ad0bb5825151c327366b78be0d66de7766640,5640
formal_t00_s24_reverse_replace_then_cancel,neutral_patch,1,ce2abdab306251bfdca2c8b5b6c916e2dbd3d4c89f097ca11ed6a6fa7c9db9a9,37c5b87f6de6286a630d95e6fa26d7355e33ae55fbada0663d7262b04df3a083,5371
formal_t00_s24_reverse_replace_then_cancel,neutral_patch,2,21ef5ab1f4b82c77728501589304c1ef0e028197a33c7ceeb267343bad5d3d65,d44755fe05f57ff618f637d4857ad0bb5825151c327366b78be0d66de7766640,5905
formal_t00_s24_reverse_replace_then_cancel,fsr_pc,1,ce2abdab306251bfdca2c8b5b6c916e2dbd3d4c89f097ca11ed6a6fa7c9db9a9,37c5b87f6de6286a630d95e6fa26d7355e33ae55fbada0663d7262b04df3a083,5102
formal_t00_s24_reverse_replace_then_cancel,fsr_pc,2,21ef5ab1f4b82c77728501589304c1ef0e028197a33c7ceeb267343bad5d3d65,d44755fe05f57ff618f637d4857ad0bb5825151c327366b78be0d66de7766640,5636
formal_t00_s24_reverse_replace_then_cancel,full_replan,1,ce2abdab306251bfdca2c8b5b6c916e2dbd3d4c89f097ca11ed6a6fa7c9db9a9,37c5b87f6de6286a630d95e6fa26d7355e33ae55fbada0663d7262b04df3a083,5211
formal_t00_s24_reverse_replace_then_cancel,full_replan,2,21ef5ab1f4b82c77728501589304c1ef0e028197a33c7ceeb267343bad5d3d65,d44755fe05f57ff618f637d4857ad0bb5825151c327366b78be0d66de7766640,5745
formal_t00_s24_reverse_replace_then_replace,neutral_patch,1,e1ad3988e261e94ddc9f750f95a3def123493a0326770fdb9275c213a025585f,e85c2a2bca57a23b17b3d0ef7fb3b9a5b56ea9d851f4f2e4c5884eb4211882f0,5376
formal_t00_s24_reverse_replace_then_replace,neutral_patch,2,7f06a1532c098df071d2b9bd7c1e7eca7a744ff9131a571a6abebcef7d29fd21,59bab56c3c2aaba6963f2b0eaf8f5bae0d594b59c6a8adb0b30926f288812869,6049
formal_t00_s24_reverse_replace_then_replace,fsr_pc,1,e1ad3988e261e94ddc9f750f95a3def123493a0326770fdb9275c213a025585f,e85c2a2bca57a23b17b3d0ef7fb3b9a5b56ea9d851f4f2e4c5884eb4211882f0,5107
formal_t00_s24_reverse_replace_then_replace,fsr_pc,2,7f06a1532c098df071d2b9bd7c1e7eca7a744ff9131a571a6abebcef7d29fd21,59bab56c3c2aaba6963f2b0eaf8f5bae0d594b59c6a8adb0b30926f288812869,5780
formal_t00_s24_reverse_replace_then_replace,full_replan,1,e1ad3988e261e94ddc9f750f95a3def123493a0326770fdb9275c213a025585f,e85c2a2bca57a23b17b3d0ef7fb3b9a5b56ea9d851f4f2e4c5884eb4211882f0,5216
formal_t00_s24_reverse_replace_then_replace,full_replan,2,7f06a1532c098df071d2b9bd7c1e7eca7a744ff9131a571a6abebcef7d29fd21,59bab56c3c2aaba6963f2b0eaf8f5bae0d594b59c6a8adb0b30926f288812869,5889
formal_t00_s24_reverse_replace_then_replace,cope,1,e1ad3988e261e94ddc9f750f95a3def123493a0326770fdb9275c213a025585f,e85c2a2bca57a23b17b3d0ef7fb3b9a5b56ea9d851f4f2e4c5884eb4211882f0,5111
formal_t00_s24_reverse_replace_then_replace,cope,2,7f06a1532c098df071d2b9bd7c1e7eca7a744ff9131a571a6abebcef7d29fd21,59bab56c3c2aaba6963f2b0eaf8f5bae0d594b59c6a8adb0b30926f288812869,5784
formal_t00_s25_reverse_replace_then_cancel,fsr_pc,1,cd0c73a2e15f5680e47c382166417ac312083af5328537f67b38d1f965c05125,18ee7dd2d098f751b0120e29a11597bc7a8b09f3cff95c59e90e0c928a8ff095,5102
formal_t00_s25_reverse_replace_then_cancel,fsr_pc,2,1b6c00405b549e2b52c95d37b4d970e7892101c1cae84ff02b21b561f478d993,1b7dd3bec699578421b8adac336d474ffee99195f481b054d3376f8f02722937,5636
formal_t00_s25_reverse_replace_then_cancel,full_replan,1,cd0c73a2e15f5680e47c382166417ac312083af5328537f67b38d1f965c05125,18ee7dd2d098f751b0120e29a11597bc7a8b09f3cff95c59e90e0c928a8ff095,5211
formal_t00_s25_reverse_replace_then_cancel,full_replan,2,1b6c00405b549e2b52c95d37b4d970e7892101c1cae84ff02b21b561f478d993,1b7dd3bec699578421b8adac336d474ffee99195f481b054d3376f8f02722937,5745
formal_t00_s25_reverse_replace_then_cancel,cope,1,cd0c73a2e15f5680e47c382166417ac312083af5328537f67b38d1f965c05125,18ee7dd2d098f751b0120e29a11597bc7a8b09f3cff95c59e90e0c928a8ff095,5106
formal_t00_s25_reverse_replace_then_cancel,cope,2,1b6c00405b549e2b52c95d37b4d970e7892101c1cae84ff02b21b561f478d993,1b7dd3bec699578421b8adac336d474ffee99195f481b054d3376f8f02722937,5640
formal_t00_s25_reverse_replace_then_cancel,neutral_patch,1,cd0c73a2e15f5680e47c382166417ac312083af5328537f67b38d1f965c05125,18ee7dd2d098f751b0120e29a11597bc7a8b09f3cff95c59e90e0c928a8ff095,5371
formal_t00_s25_reverse_replace_then_cancel,neutral_patch,2,1b6c00405b549e2b52c95d37b4d970e7892101c1cae84ff02b21b561f478d993,1b7dd3bec699578421b8adac336d474ffee99195f481b054d3376f8f02722937,5905
formal_t00_s25_reverse_replace_then_replace,full_replan,1,9085cf3efb4008de35885f8f22c2b83e6ca02c1f88d9e3803097d5a60c56288a,9a767e40c957ac5233cab3958dfecb4846519b20d40c255a2582846b11e1d3d9,5216
formal_t00_s25_reverse_replace_then_replace,full_replan,2,83a7b95df1db4e31aa945a3c33e3fbeaee6297497601264d38ea72cb5564e7bf,93bd93a294954f4bdad04872074c0f8504f60d580e76eb0ccdfea1394447cc47,5889
formal_t00_s25_reverse_replace_then_replace,cope,1,9085cf3efb4008de35885f8f22c2b83e6ca02c1f88d9e3803097d5a60c56288a,9a767e40c957ac5233cab3958dfecb4846519b20d40c255a2582846b11e1d3d9,5111
formal_t00_s25_reverse_replace_then_replace,cope,2,83a7b95df1db4e31aa945a3c33e3fbeaee6297497601264d38ea72cb5564e7bf,93bd93a294954f4bdad04872074c0f8504f60d580e76eb0ccdfea1394447cc47,5784
formal_t00_s25_reverse_replace_then_replace,neutral_patch,1,9085cf3efb4008de35885f8f22c2b83e6ca02c1f88d9e3803097d5a60c56288a,9a767e40c957ac5233cab3958dfecb4846519b20d40c255a2582846b11e1d3d9,5376
formal_t00_s25_reverse_replace_then_replace,neutral_patch,2,83a7b95df1db4e31aa945a3c33e3fbeaee6297497601264d38ea72cb5564e7bf,93bd93a294954f4bdad04872074c0f8504f60d580e76eb0ccdfea1394447cc47,6049
formal_t00_s25_reverse_replace_then_replace,fsr_pc,1,9085cf3efb4008de35885f8f22c2b83e6ca02c1f88d9e3803097d5a60c56288a,9a767e40c957ac5233cab3958dfecb4846519b20d40c255a2582846b11e1d3d9,5107
formal_t00_s25_reverse_replace_then_replace,fsr_pc,2,83a7b95df1db4e31aa945a3c33e3fbeaee6297497601264d38ea72cb5564e7bf,93bd93a294954f4bdad04872074c0f8504f60d580e76eb0ccdfea1394447cc47,5780
formal_t00_s26_reverse_replace_then_cancel,cope,1,9a29030ec766a0c675e40bf5445b143e86cfeb1885654e11ddcc2ce1c7a5ca82,e9cd0d336011e0af2f2cefa1672230f09ba7c4f60a5aac509d30b7937ad5be5e,5106
formal_t00_s26_reverse_replace_then_cancel,cope,2,de24a5e6384bfa374303f4b74af7ed2ae026aba5d8cd982669bcec04d9087677,80adebfb6964a6eed79b863f83181ab0f342d1b6241b390c84c3a8c67eb3b035,5640
formal_t00_s26_reverse_replace_then_cancel,neutral_patch,1,9a29030ec766a0c675e40bf5445b143e86cfeb1885654e11ddcc2ce1c7a5ca82,e9cd0d336011e0af2f2cefa1672230f09ba7c4f60a5aac509d30b7937ad5be5e,5371
formal_t00_s26_reverse_replace_then_cancel,neutral_patch,2,de24a5e6384bfa374303f4b74af7ed2ae026aba5d8cd982669bcec04d9087677,80adebfb6964a6eed79b863f83181ab0f342d1b6241b390c84c3a8c67eb3b035,5905
formal_t00_s26_reverse_replace_then_cancel,fsr_pc,1,9a29030ec766a0c675e40bf5445b143e86cfeb1885654e11ddcc2ce1c7a5ca82,e9cd0d336011e0af2f2cefa1672230f09ba7c4f60a5aac509d30b7937ad5be5e,5102
formal_t00_s26_reverse_replace_then_cancel,fsr_pc,2,de24a5e6384bfa374303f4b74af7ed2ae026aba5d8cd982669bcec04d9087677,80adebfb6964a6eed79b863f83181ab0f342d1b6241b390c84c3a8c67eb3b035,5636
formal_t00_s26_reverse_replace_then_cancel,full_replan,1,9a29030ec766a0c675e40bf5445b143e86cfeb1885654e11ddcc2ce1c7a5ca82,e9cd0d336011e0af2f2cefa1672230f09ba7c4f60a5aac509d30b7937ad5be5e,5211
formal_t00_s26_reverse_replace_then_cancel,full_replan,2,de24a5e6384bfa374303f4b74af7ed2ae026aba5d8cd982669bcec04d9087677,80adebfb6964a6eed79b863f83181ab0f342d1b6241b390c84c3a8c67eb3b035,5745
formal_t00_s26_reverse_replace_then_replace,neutral_patch,1,e0869dbe142f5aa5c2fc7952a0ee777d36be74b90f25b213b596582e3e1aad4b,db5696586dbac233668f217d84bcfc8ea8d6fc400059c8f8b13e6eb6d966b8ba,5376
formal_t00_s26_reverse_replace_then_replace,neutral_patch,2,b076ee46e0ea281b20850981f86355debd42a2d8e4438ea15952255d6fb38507,8250c41fcd1006e8bc09b5400ba9129798bab3a7f7f710ffdc3c22d7a7c62951,6049
formal_t00_s26_reverse_replace_then_replace,fsr_pc,1,e0869dbe142f5aa5c2fc7952a0ee777d36be74b90f25b213b596582e3e1aad4b,db5696586dbac233668f217d84bcfc8ea8d6fc400059c8f8b13e6eb6d966b8ba,5107
formal_t00_s26_reverse_replace_then_replace,fsr_pc,2,b076ee46e0ea281b20850981f86355debd42a2d8e4438ea15952255d6fb38507,8250c41fcd1006e8bc09b5400ba9129798bab3a7f7f710ffdc3c22d7a7c62951,5780
formal_t00_s26_reverse_replace_then_replace,full_replan,1,e0869dbe142f5aa5c2fc7952a0ee777d36be74b90f25b213b596582e3e1aad4b,db5696586dbac233668f217d84bcfc8ea8d6fc400059c8f8b13e6eb6d966b8ba,5216
formal_t00_s26_reverse_replace_then_replace,full_replan,2,b076ee46e0ea281b20850981f86355debd42a2d8e4438ea15952255d6fb38507,8250c41fcd1006e8bc09b5400ba9129798bab3a7f7f710ffdc3c22d7a7c62951,5889
formal_t00_s26_reverse_replace_then_replace,cope,1,e0869dbe142f5aa5c2fc7952a0ee777d36be74b90f25b213b596582e3e1aad4b,db5696586dbac233668f217d84bcfc8ea8d6fc400059c8f8b13e6eb6d966b8ba,5111
formal_t00_s26_reverse_replace_then_replace,cope,2,b076ee46e0ea281b20850981f86355debd42a2d8e4438ea15952255d6fb38507,8250c41fcd1006e8bc09b5400ba9129798bab3a7f7f710ffdc3c22d7a7c62951,5784
formal_t00_s27_reverse_replace_then_cancel,fsr_pc,1,15a5c2a7893a221c343e35ef0efe35fa2b42858d628d0c8988ff7e235d342d2c,017b1ff97831161aa799f8822af8fec3dbb854cb25746ee32040549bbadaf7f0,5102
formal_t00_s27_reverse_replace_then_cancel,fsr_pc,2,4e89e5668023410c98e1155bc4c1abcd800919e48b0a562a9a234fa051440c60,58a1fd4c4c596b4b772148ca856526fc1ffc8773f298a907c2b9818c78ac1d86,5636
formal_t00_s27_reverse_replace_then_cancel,full_replan,1,15a5c2a7893a221c343e35ef0efe35fa2b42858d628d0c8988ff7e235d342d2c,017b1ff97831161aa799f8822af8fec3dbb854cb25746ee32040549bbadaf7f0,5211
formal_t00_s27_reverse_replace_then_cancel,full_replan,2,4e89e5668023410c98e1155bc4c1abcd800919e48b0a562a9a234fa051440c60,58a1fd4c4c596b4b772148ca856526fc1ffc8773f298a907c2b9818c78ac1d86,5745
formal_t00_s27_reverse_replace_then_cancel,cope,1,15a5c2a7893a221c343e35ef0efe35fa2b42858d628d0c8988ff7e235d342d2c,017b1ff97831161aa799f8822af8fec3dbb854cb25746ee32040549bbadaf7f0,5106
formal_t00_s27_reverse_replace_then_cancel,cope,2,4e89e5668023410c98e1155bc4c1abcd800919e48b0a562a9a234fa051440c60,58a1fd4c4c596b4b772148ca856526fc1ffc8773f298a907c2b9818c78ac1d86,5640
formal_t00_s27_reverse_replace_then_cancel,neutral_patch,1,15a5c2a7893a221c343e35ef0efe35fa2b42858d628d0c8988ff7e235d342d2c,017b1ff97831161aa799f8822af8fec3dbb854cb25746ee32040549bbadaf7f0,5371
formal_t00_s27_reverse_replace_then_cancel,neutral_patch,2,4e89e5668023410c98e1155bc4c1abcd800919e48b0a562a9a234fa051440c60,58a1fd4c4c596b4b772148ca856526fc1ffc8773f298a907c2b9818c78ac1d86,5905
formal_t00_s27_reverse_replace_then_replace,full_replan,1,3363c9600a406dd7d53db8c3a98dd021d6a8c57969c034e07781c3c5f913baec,3bba88eb979ec97be8d5ec85b83b7899545769e6ed39de0488984d8a23f5ac9a,5216
formal_t00_s27_reverse_replace_then_replace,full_replan,2,7dd29239dcc2137842fd8f0d3ce8a2c480d2788325e5a0fa77b66c584aa8fffc,055281b41a56af935665c90d9b6b9d9862645691d66ce4b6b3cc52990e5bca00,5889
formal_t00_s27_reverse_replace_then_replace,cope,1,3363c9600a406dd7d53db8c3a98dd021d6a8c57969c034e07781c3c5f913baec,3bba88eb979ec97be8d5ec85b83b7899545769e6ed39de0488984d8a23f5ac9a,5111
formal_t00_s27_reverse_replace_then_replace,cope,2,7dd29239dcc2137842fd8f0d3ce8a2c480d2788325e5a0fa77b66c584aa8fffc,055281b41a56af935665c90d9b6b9d9862645691d66ce4b6b3cc52990e5bca00,5784
formal_t00_s27_reverse_replace_then_replace,neutral_patch,1,3363c9600a406dd7d53db8c3a98dd021d6a8c57969c034e07781c3c5f913baec,3bba88eb979ec97be8d5ec85b83b7899545769e6ed39de0488984d8a23f5ac9a,5376
formal_t00_s27_reverse_replace_then_replace,neutral_patch,2,7dd29239dcc2137842fd8f0d3ce8a2c480d2788325e5a0fa77b66c584aa8fffc,055281b41a56af935665c90d9b6b9d9862645691d66ce4b6b3cc52990e5bca00,6049
formal_t00_s27_reverse_replace_then_replace,fsr_pc,1,3363c9600a406dd7d53db8c3a98dd021d6a8c57969c034e07781c3c5f913baec,3bba88eb979ec97be8d5ec85b83b7899545769e6ed39de0488984d8a23f5ac9a,5107
formal_t00_s27_reverse_replace_then_replace,fsr_pc,2,7dd29239dcc2137842fd8f0d3ce8a2c480d2788325e5a0fa77b66c584aa8fffc,055281b41a56af935665c90d9b6b9d9862645691d66ce4b6b3cc52990e5bca00,5780
formal_t00_s28_reverse_replace_then_cancel,cope,1,4dddc214d16b28a3695fb55e377d68051b405b14476243032e21aeb1baec3a72,54820a384b8c49ee1bf1c5083eee7fb8fee27c570c4132adbc396a0f8683da50,5106
formal_t00_s28_reverse_replace_then_cancel,cope,2,2917ec4bdceccd9bc3e54c25a116e96dec04bdfde2f2e6bad561f4cee80c1085,464b820e28afddd76311b956769c276e04587d838ec32efdbbd332d3ed26c942,5640
formal_t00_s28_reverse_replace_then_cancel,neutral_patch,1,4dddc214d16b28a3695fb55e377d68051b405b14476243032e21aeb1baec3a72,54820a384b8c49ee1bf1c5083eee7fb8fee27c570c4132adbc396a0f8683da50,5371
formal_t00_s28_reverse_replace_then_cancel,neutral_patch,2,2917ec4bdceccd9bc3e54c25a116e96dec04bdfde2f2e6bad561f4cee80c1085,464b820e28afddd76311b956769c276e04587d838ec32efdbbd332d3ed26c942,5905
formal_t00_s28_reverse_replace_then_cancel,fsr_pc,1,4dddc214d16b28a3695fb55e377d68051b405b14476243032e21aeb1baec3a72,54820a384b8c49ee1bf1c5083eee7fb8fee27c570c4132adbc396a0f8683da50,5102
formal_t00_s28_reverse_replace_then_cancel,fsr_pc,2,2917ec4bdceccd9bc3e54c25a116e96dec04bdfde2f2e6bad561f4cee80c1085,464b820e28afddd76311b956769c276e04587d838ec32efdbbd332d3ed26c942,5636
formal_t00_s28_reverse_replace_then_cancel,full_replan,1,4dddc214d16b28a3695fb55e377d68051b405b14476243032e21aeb1baec3a72,54820a384b8c49ee1bf1c5083eee7fb8fee27c570c4132adbc396a0f8683da50,5211
formal_t00_s28_reverse_replace_then_cancel,full_replan,2,2917ec4bdceccd9bc3e54c25a116e96dec04bdfde2f2e6bad561f4cee80c1085,464b820e28afddd76311b956769c276e04587d838ec32efdbbd332d3ed26c942,5745
formal_t00_s28_reverse_replace_then_replace,neutral_patch,1,9b14f8e62b41c0c5463e7443c41af0bf3c8daedb0a4c36dbaf0f0c13472ceff8,5259dfb708c2c57a1bc2ca505fc237a98bd7ac6a8733cee0c97f41136968692b,5376
formal_t00_s28_reverse_replace_then_replace,neutral_patch,2,33d223c49986bcc19c69f18e730b246fcbeb1a7343ef342fea87b5194361df5c,7fdaf854bff4e64bbe4f7bc8c3f57339da76abf1d0188871af81503ab0b91ead,6049
formal_t00_s28_reverse_replace_then_replace,fsr_pc,1,9b14f8e62b41c0c5463e7443c41af0bf3c8daedb0a4c36dbaf0f0c13472ceff8,5259dfb708c2c57a1bc2ca505fc237a98bd7ac6a8733cee0c97f41136968692b,5107
formal_t00_s28_reverse_replace_then_replace,fsr_pc,2,33d223c49986bcc19c69f18e730b246fcbeb1a7343ef342fea87b5194361df5c,7fdaf854bff4e64bbe4f7bc8c3f57339da76abf1d0188871af81503ab0b91ead,5780
formal_t00_s28_reverse_replace_then_replace,full_replan,1,9b14f8e62b41c0c5463e7443c41af0bf3c8daedb0a4c36dbaf0f0c13472ceff8,5259dfb708c2c57a1bc2ca505fc237a98bd7ac6a8733cee0c97f41136968692b,5216
formal_t00_s28_reverse_replace_then_replace,full_replan,2,33d223c49986bcc19c69f18e730b246fcbeb1a7343ef342fea87b5194361df5c,7fdaf854bff4e64bbe4f7bc8c3f57339da76abf1d0188871af81503ab0b91ead,5889
formal_t00_s28_reverse_replace_then_replace,cope,1,9b14f8e62b41c0c5463e7443c41af0bf3c8daedb0a4c36dbaf0f0c13472ceff8,5259dfb708c2c57a1bc2ca505fc237a98bd7ac6a8733cee0c97f41136968692b,5111
formal_t00_s28_reverse_replace_then_replace,cope,2,33d223c49986bcc19c69f18e730b246fcbeb1a7343ef342fea87b5194361df5c,7fdaf854bff4e64bbe4f7bc8c3f57339da76abf1d0188871af81503ab0b91ead,5784
formal_t00_s29_reverse_replace_then_cancel,fsr_pc,1,fd084f03958520b0f91497db51cc0d50c5486f36e2526e4180361ff2e1c01be0,0102761ce0fd686ca5baa9996ed26373d278c0db452844fcae8173fc8081ccfe,5102
formal_t00_s29_reverse_replace_then_cancel,fsr_pc,2,f948e501cd78e0de1e8fb2d10b1edfea6afcf379f5015076574a9453b1e11b56,3b1c404669face8dfc73632771e4b4b47fe0680588c5f539618151bfb44bcc4e,5636
formal_t00_s29_reverse_replace_then_cancel,full_replan,1,fd084f03958520b0f91497db51cc0d50c5486f36e2526e4180361ff2e1c01be0,0102761ce0fd686ca5baa9996ed26373d278c0db452844fcae8173fc8081ccfe,5211
formal_t00_s29_reverse_replace_then_cancel,full_replan,2,f948e501cd78e0de1e8fb2d10b1edfea6afcf379f5015076574a9453b1e11b56,3b1c404669face8dfc73632771e4b4b47fe0680588c5f539618151bfb44bcc4e,5745
formal_t00_s29_reverse_replace_then_cancel,cope,1,fd084f03958520b0f91497db51cc0d50c5486f36e2526e4180361ff2e1c01be0,0102761ce0fd686ca5baa9996ed26373d278c0db452844fcae8173fc8081ccfe,5106
formal_t00_s29_reverse_replace_then_cancel,cope,2,f948e501cd78e0de1e8fb2d10b1edfea6afcf379f5015076574a9453b1e11b56,3b1c404669face8dfc73632771e4b4b47fe0680588c5f539618151bfb44bcc4e,5640
formal_t00_s29_reverse_replace_then_cancel,neutral_patch,1,fd084f03958520b0f91497db51cc0d50c5486f36e2526e4180361ff2e1c01be0,0102761ce0fd686ca5baa9996ed26373d278c0db452844fcae8173fc8081ccfe,5371
formal_t00_s29_reverse_replace_then_cancel,neutral_patch,2,f948e501cd78e0de1e8fb2d10b1edfea6afcf379f5015076574a9453b1e11b56,3b1c404669face8dfc73632771e4b4b47fe0680588c5f539618151bfb44bcc4e,5905
formal_t00_s29_reverse_replace_then_replace,full_replan,1,552d556ea1d2f3ee4b23ae1bd2a4357234039489f23769219bfd8dac24393a1f,65b875d99d42134a24a5ee08e01c3123d3921870adf9ce63ec72151486399e36,5216
formal_t00_s29_reverse_replace_then_replace,full_replan,2,8dbb66ba2cdaf23da8f00b31618e21e809b1b229c0d7fcf4afc35a129943f1ac,07578059f3d00a137f71d4cf859e68fbb6fe210d37bd1f2c243759a1bb67c382,5889
formal_t00_s29_reverse_replace_then_replace,cope,1,552d556ea1d2f3ee4b23ae1bd2a4357234039489f23769219bfd8dac24393a1f,65b875d99d42134a24a5ee08e01c3123d3921870adf9ce63ec72151486399e36,5111
formal_t00_s29_reverse_replace_then_replace,cope,2,8dbb66ba2cdaf23da8f00b31618e21e809b1b229c0d7fcf4afc35a129943f1ac,07578059f3d00a137f71d4cf859e68fbb6fe210d37bd1f2c243759a1bb67c382,5784
formal_t00_s29_reverse_replace_then_replace,neutral_patch,1,552d556ea1d2f3ee4b23ae1bd2a4357234039489f23769219bfd8dac24393a1f,65b875d99d42134a24a5ee08e01c3123d3921870adf9ce63ec72151486399e36,5376
formal_t00_s29_reverse_replace_then_replace,neutral_patch,2,8dbb66ba2cdaf23da8f00b31618e21e809b1b229c0d7fcf4afc35a129943f1ac,07578059f3d00a137f71d4cf859e68fbb6fe210d37bd1f2c243759a1bb67c382,6049
formal_t00_s29_reverse_replace_then_replace,fsr_pc,1,552d556ea1d2f3ee4b23ae1bd2a4357234039489f23769219bfd8dac24393a1f,65b875d99d42134a24a5ee08e01c3123d3921870adf9ce63ec72151486399e36,5107
formal_t00_s29_reverse_replace_then_replace,fsr_pc,2,8dbb66ba2cdaf23da8f00b31618e21e809b1b229c0d7fcf4afc35a129943f1ac,07578059f3d00a137f71d4cf859e68fbb6fe210d37bd1f2c243759a1bb67c382,5780
