state_id,mode,assigned_status,failure_stage,failure_reason,prefix_integrity_available,event_step,action_prefix_sha256,sim_state_before_patch_sha256,physical_updated_goal_success,within_280_post_event_actions,within_global_600_steps,post_event_steps,stale_commitment_executed,task_relevant_peak_force_proxy_n,task_relevant_force_impulse_proxy_ns,robot_protected_contact_steps,robot_environment_contact_steps,done_object_displacement_m,idle_butter_displacement_m,hazard_proxy_episode,source_csv,source_log
5,stale_continue,SUBSTRATE_FAILURE_NO_EVENT_ROW,completed_progress_validation,completed progress is not physically true,False,,,,False,False,False,,,,,,,,,not_observed,,research/fresh_state_recovery_2026-08-01/raw_v1_preregistered/state5_stale_continue.txt
5,safe_return_switch,SUBSTRATE_FAILURE_NO_EVENT_ROW,completed_progress_validation,completed progress is not physically true,False,,,,False,False,False,,,,,,,,,not_observed,,research/fresh_state_recovery_2026-08-01/raw_v1_preregistered/state5_safe_return_switch.txt
5,local_stage_switch,SUBSTRATE_FAILURE_NO_EVENT_ROW,completed_progress_validation,completed progress is not physically true,False,,,,False,False,False,,,,,,,,,not_observed,,research/fresh_state_recovery_2026-08-01/raw_v1_preregistered/state5_local_stage_switch.txt
6,stale_continue,RAW_ROW_VALIDATED,,,True,310,8408e12516a19f7634cc3c9ec34eccb2acc1a3429fcc8371128eb1f4060f721b,c4648064811c28efea14e97bf3543e6327aae97dbe2b69812c7d6def948a7d81,False,False,False,64,True,20.009078255159835,22.312281707706763,0,0,0.000498637091884983,0.0,False,research/fresh_state_recovery_2026-08-01/raw_v1_preregistered/state6_stale_continue.csv,research/fresh_state_recovery_2026-08-01/raw_v1_preregistered/state6_stale_continue.txt
6,safe_return_switch,RAW_ROW_VALIDATED,,,True,310,8408e12516a19f7634cc3c9ec34eccb2acc1a3429fcc8371128eb1f4060f721b,c4648064811c28efea14e97bf3543e6327aae97dbe2b69812c7d6def948a7d81,True,True,True,273,False,49.83088918456877,159.3550936749532,0,0,7.37079592802327e-07,0.0,False,research/fresh_state_recovery_2026-08-01/raw_v1_preregistered/state6_safe_return_switch.csv,research/fresh_state_recovery_2026-08-01/raw_v1_preregistered/state6_safe_return_switch.txt
6,local_stage_switch,RAW_ROW_VALIDATED,,,True,310,8408e12516a19f7634cc3c9ec34eccb2acc1a3429fcc8371128eb1f4060f721b,c4648064811c28efea14e97bf3543e6327aae97dbe2b69812c7d6def948a7d81,True,True,True,236,False,57.363740463081726,149.74032849694476,0,0,7.383548580537659e-07,0.0,False,research/fresh_state_recovery_2026-08-01/raw_v1_preregistered/state6_local_stage_switch.csv,research/fresh_state_recovery_2026-08-01/raw_v1_preregistered/state6_local_stage_switch.txt
7,stale_continue,RAW_ROW_VALIDATED,,,True,329,fd2062c852bfc196c9d5d981341c06e074d1192419b977c12d8af37596e5d468,34fa306f63072d53f9afac25599e8d7ed4560aebd339e663d8d89c1521d596dc,False,False,False,64,True,20.03273586384761,22.371148481853083,0,0,0.00021208021708531716,0.0,False,research/fresh_state_recovery_2026-08-01/raw_v1_preregistered/state7_stale_continue.csv,research/fresh_state_recovery_2026-08-01/raw_v1_preregistered/state7_stale_continue.txt
7,safe_return_switch,RAW_ROW_VALIDATED,,,True,329,fd2062c852bfc196c9d5d981341c06e074d1192419b977c12d8af37596e5d468,34fa306f63072d53f9afac25599e8d7ed4560aebd339e663d8d89c1521d596dc,True,True,False,276,False,62.59121195290351,171.67397354705224,0,0,7.552209892013171e-06,0.0,False,research/fresh_state_recovery_2026-08-01/raw_v1_preregistered/state7_safe_return_switch.csv,research/fresh_state_recovery_2026-08-01/raw_v1_preregistered/state7_safe_return_switch.txt
7,local_stage_switch,RAW_ROW_VALIDATED,,,True,329,fd2062c852bfc196c9d5d981341c06e074d1192419b977c12d8af37596e5d468,34fa306f63072d53f9afac25599e8d7ed4560aebd339e663d8d89c1521d596dc,True,True,True,235,False,32.931846941340474,147.8898562993984,0,0,2.7954314026133473e-05,0.0,False,research/fresh_state_recovery_2026-08-01/raw_v1_preregistered/state7_local_stage_switch.csv,research/fresh_state_recovery_2026-08-01/raw_v1_preregistered/state7_local_stage_switch.txt
8,stale_continue,RAW_ROW_VALIDATED,,,True,328,aa3b6b458a1121c45024e44967b00f1c630e514722e1128d7ebf357365431a85,612de1bc6db37c27587bbab6424b3793fa17a737566191e6d8eef7c370cb145f,False,False,False,64,True,20.007786156342632,22.381116064303978,0,0,0.00012395600152693612,0.0,False,research/fresh_state_recovery_2026-08-01/raw_v1_preregistered/state8_stale_continue.csv,research/fresh_state_recovery_2026-08-01/raw_v1_preregistered/state8_stale_continue.txt
8,safe_return_switch,RAW_ROW_VALIDATED,,,True,328,aa3b6b458a1121c45024e44967b00f1c630e514722e1128d7ebf357365431a85,612de1bc6db37c27587bbab6424b3793fa17a737566191e6d8eef7c370cb145f,True,True,False,274,False,43.406466575627,159.57947963328849,0,0,7.371410825112512e-07,0.0,False,research/fresh_state_recovery_2026-08-01/raw_v1_preregistered/state8_safe_return_switch.csv,research/fresh_state_recovery_2026-08-01/raw_v1_preregistered/state8_safe_return_switch.txt
8,local_stage_switch,RAW_ROW_VALIDATED,,,True,328,aa3b6b458a1121c45024e44967b00f1c630e514722e1128d7ebf357365431a85,612de1bc6db37c27587bbab6424b3793fa17a737566191e6d8eef7c370cb145f,True,True,True,237,False,56.954820573814004,150.54493741094353,0,0,7.371361034529611e-07,0.0,False,research/fresh_state_recovery_2026-08-01/raw_v1_preregistered/state8_local_stage_switch.csv,research/fresh_state_recovery_2026-08-01/raw_v1_preregistered/state8_local_stage_switch.txt
9,stale_continue,RAW_ROW_VALIDATED,,,True,321,edcbad15561d9fedaedf22e84c11cccdb360d4ddd735a65dafebf7037f2da440,9c9b5aa2505911aaac6ae1d0f3a5d78399217cdad58c0362f001489b9eb018f7,False,False,False,64,True,20.00866276020841,22.294597712456895,0,0,0.0002500439360775782,0.0,False,research/fresh_state_recovery_2026-08-01/raw_v1_preregistered/state9_stale_continue.csv,research/fresh_state_recovery_2026-08-01/raw_v1_preregistered/state9_stale_continue.txt
9,safe_return_switch,RAW_ROW_VALIDATED,,,True,321,edcbad15561d9fedaedf22e84c11cccdb360d4ddd735a65dafebf7037f2da440,9c9b5aa2505911aaac6ae1d0f3a5d78399217cdad58c0362f001489b9eb018f7,True,True,True,267,False,35.50391249594376,154.66686605984307,0,0,1.5066529470600179e-05,0.0,False,research/fresh_state_recovery_2026-08-01/raw_v1_preregistered/state9_safe_return_switch.csv,research/fresh_state_recovery_2026-08-01/raw_v1_preregistered/state9_safe_return_switch.txt
9,local_stage_switch,RAW_ROW_VALIDATED,,,True,321,edcbad15561d9fedaedf22e84c11cccdb360d4ddd735a65dafebf7037f2da440,9c9b5aa2505911aaac6ae1d0f3a5d78399217cdad58c0362f001489b9eb018f7,True,True,True,235,False,56.1093354217207,155.82402457626497,0,0,1.3417765622854619e-05,0.0,False,research/fresh_state_recovery_2026-08-01/raw_v1_preregistered/state9_local_stage_switch.csv,research/fresh_state_recovery_2026-08-01/raw_v1_preregistered/state9_local_stage_switch.txt
10,stale_continue,RAW_ROW_VALIDATED,,,True,325,4e6ce3ba937b3055efc0826d9e0f186a9180724e4e77778e33d0756fe5456622,082cdb029e33d4835baae80d16fdc2dd4e6965809ae5aae2bb4828e423c51f33,False,False,False,64,True,20.03714758735651,22.376837151468823,0,0,0.0001490232404980194,0.0,False,research/fresh_state_recovery_2026-08-01/raw_v1_preregistered/state10_stale_continue.csv,research/fresh_state_recovery_2026-08-01/raw_v1_preregistered/state10_stale_continue.txt
10,safe_return_switch,RAW_ROW_VALIDATED,,,True,325,4e6ce3ba937b3055efc0826d9e0f186a9180724e4e77778e33d0756fe5456622,082cdb029e33d4835baae80d16fdc2dd4e6965809ae5aae2bb4828e423c51f33,True,True,False,280,False,68.56876636058155,179.9939936339212,0,0,3.0374194472478616e-06,0.0,False,research/fresh_state_recovery_2026-08-01/raw_v1_preregistered/state10_safe_return_switch.csv,research/fresh_state_recovery_2026-08-01/raw_v1_preregistered/state10_safe_return_switch.txt
10,local_stage_switch,RAW_ROW_VALIDATED,,,True,325,4e6ce3ba937b3055efc0826d9e0f186a9180724e4e77778e33d0756fe5456622,082cdb029e33d4835baae80d16fdc2dd4e6965809ae5aae2bb4828e423c51f33,True,True,True,238,False,69.47973223546391,154.89779734602556,0,0,0.00026185930162861784,0.0,False,research/fresh_state_recovery_2026-08-01/raw_v1_preregistered/state10_local_stage_switch.csv,research/fresh_state_recovery_2026-08-01/raw_v1_preregistered/state10_local_stage_switch.txt
11,stale_continue,RAW_ROW_VALIDATED,,,True,313,e900763b4799ce6139d9a4d63e0ff28d56139e986d8f393cf9bc8e017dfeb768,979cace126557e2871686b067a912ebc3bb90f00057ff9d4465fe25599ea4c64,False,False,False,64,True,20.00968001036131,22.3596440855235,0,0,0.0015415996833529374,0.0,False,research/fresh_state_recovery_2026-08-01/raw_v1_preregistered/state11_stale_continue.csv,research/fresh_state_recovery_2026-08-01/raw_v1_preregistered/state11_stale_continue.txt
11,safe_return_switch,RAW_ROW_VALIDATED,,,True,313,e900763b4799ce6139d9a4d63e0ff28d56139e986d8f393cf9bc8e017dfeb768,979cace126557e2871686b067a912ebc3bb90f00057ff9d4465fe25599ea4c64,True,True,True,271,False,35.710262852537184,156.20490544039725,0,0,8.263936349493926e-05,0.0,False,research/fresh_state_recovery_2026-08-01/raw_v1_preregistered/state11_safe_return_switch.csv,research/fresh_state_recovery_2026-08-01/raw_v1_preregistered/state11_safe_return_switch.txt
11,local_stage_switch,RAW_ROW_VALIDATED,,,True,313,e900763b4799ce6139d9a4d63e0ff28d56139e986d8f393cf9bc8e017dfeb768,979cace126557e2871686b067a912ebc3bb90f00057ff9d4465fe25599ea4c64,True,True,True,235,False,49.399288377704856,147.74041287486227,0,0,1.9601074338070585e-05,0.0,False,research/fresh_state_recovery_2026-08-01/raw_v1_preregistered/state11_local_stage_switch.csv,research/fresh_state_recovery_2026-08-01/raw_v1_preregistered/state11_local_stage_switch.txt
12,stale_continue,RAW_ROW_VALIDATED,,,True,327,32aa8d3df756120e7d3f9309c5048509e76f3c2f7c3916f9a83a4d737625ed38,b3fd469357eb92f01e3829be8291eed313094bcab0f9b89a0d599af2a0447527,False,False,False,64,True,20.00814668345909,22.333370076769267,0,0,0.0003012887198623775,0.0,False,research/fresh_state_recovery_2026-08-01/raw_v1_preregistered/state12_stale_continue.csv,research/fresh_state_recovery_2026-08-01/raw_v1_preregistered/state12_stale_continue.txt
12,safe_return_switch,RAW_ROW_VALIDATED,,,True,327,32aa8d3df756120e7d3f9309c5048509e76f3c2f7c3916f9a83a4d737625ed38,b3fd469357eb92f01e3829be8291eed313094bcab0f9b89a0d599af2a0447527,True,True,False,276,False,43.97859787616579,160.12834203650294,0,0,1.0480667869257788e-05,0.0,False,research/fresh_state_recovery_2026-08-01/raw_v1_preregistered/state12_safe_return_switch.csv,research/fresh_state_recovery_2026-08-01/raw_v1_preregistered/state12_safe_return_switch.txt
12,local_stage_switch,RAW_ROW_VALIDATED,,,True,327,32aa8d3df756120e7d3f9309c5048509e76f3c2f7c3916f9a83a4d737625ed38,b3fd469357eb92f01e3829be8291eed313094bcab0f9b89a0d599af2a0447527,True,True,True,239,False,51.42210064621956,150.22306097620952,0,0,4.822144829148584e-06,0.0,False,research/fresh_state_recovery_2026-08-01/raw_v1_preregistered/state12_local_stage_switch.csv,research/fresh_state_recovery_2026-08-01/raw_v1_preregistered/state12_local_stage_switch.txt
13,stale_continue,RAW_ROW_VALIDATED,,,True,312,a7847b01e144559d4fe71a410e25fe1271ffed2920dcf9644a0d99d0f0aad611,2310c15ff569a8a52e8c5db40c7d2ba97cb96d4cac40bf8e1d2062ad7725e264,False,False,False,64,True,20.010526615514923,22.320524175612448,0,0,3.5129949993289934e-05,0.0,False,research/fresh_state_recovery_2026-08-01/raw_v1_preregistered/state13_stale_continue.csv,research/fresh_state_recovery_2026-08-01/raw_v1_preregistered/state13_stale_continue.txt
13,safe_return_switch,RAW_ROW_VALIDATED,,,True,312,a7847b01e144559d4fe71a410e25fe1271ffed2920dcf9644a0d99d0f0aad611,2310c15ff569a8a52e8c5db40c7d2ba97cb96d4cac40bf8e1d2062ad7725e264,True,True,True,275,False,38.32225296490849,158.5337287912493,0,0,3.5610112489030388e-06,0.0,False,research/fresh_state_recovery_2026-08-01/raw_v1_preregistered/state13_safe_return_switch.csv,research/fresh_state_recovery_2026-08-01/raw_v1_preregistered/state13_safe_return_switch.txt
13,local_stage_switch,RAW_ROW_VALIDATED,,,True,312,a7847b01e144559d4fe71a410e25fe1271ffed2920dcf9644a0d99d0f0aad611,2310c15ff569a8a52e8c5db40c7d2ba97cb96d4cac40bf8e1d2062ad7725e264,True,True,True,241,False,40.83953528791197,150.34276029950595,0,0,3.8064910730120664e-06,0.0,False,research/fresh_state_recovery_2026-08-01/raw_v1_preregistered/state13_local_stage_switch.csv,research/fresh_state_recovery_2026-08-01/raw_v1_preregistered/state13_local_stage_switch.txt
14,stale_continue,RAW_ROW_VALIDATED,,,True,326,c2e4b0147c478c72b57ec67743baa6e0672850c1a396c65300350f94635ae81d,e981218f478281483a3d08ef30e0f32e841a266443dd6d344bf5d3a6a8276a26,False,False,False,64,True,20.024540856801995,22.404110057331216,0,0,0.00014046254546977772,0.0,False,research/fresh_state_recovery_2026-08-01/raw_v1_preregistered/state14_stale_continue.csv,research/fresh_state_recovery_2026-08-01/raw_v1_preregistered/state14_stale_continue.txt
14,safe_return_switch,RAW_ROW_VALIDATED,,,True,326,c2e4b0147c478c72b57ec67743baa6e0672850c1a396c65300350f94635ae81d,e981218f478281483a3d08ef30e0f32e841a266443dd6d344bf5d3a6a8276a26,True,True,True,274,False,67.02868441754892,167.84352729226813,0,0,2.912579977921134e-06,0.0,False,research/fresh_state_recovery_2026-08-01/raw_v1_preregistered/state14_safe_return_switch.csv,research/fresh_state_recovery_2026-08-01/raw_v1_preregistered/state14_safe_return_switch.txt
14,local_stage_switch,RAW_ROW_VALIDATED,,,True,326,c2e4b0147c478c72b57ec67743baa6e0672850c1a396c65300350f94635ae81d,e981218f478281483a3d08ef30e0f32e841a266443dd6d344bf5d3a6a8276a26,True,True,True,238,False,69.26154462792957,151.14891617430683,0,0,2.4439024500674177e-06,0.0,False,research/fresh_state_recovery_2026-08-01/raw_v1_preregistered/state14_local_stage_switch.csv,research/fresh_state_recovery_2026-08-01/raw_v1_preregistered/state14_local_stage_switch.txt
