task_id,initial_state_id,policy_seed,predicate_name,commitment,observations,observed_true_samples,ever_observed,terminal_current,regression_transitions,evidence_admissibility
0,0,101,alphabet_soup_lifted,False,271,98,True,False,1,recorded_milestone_sub_evidence
0,0,101,alphabet_soup_in_basket,True,271,74,True,True,0,recorded_milestone_sub_evidence
0,0,101,tomato_sauce_lifted,False,271,0,False,False,0,recorded_milestone_sub_evidence
0,0,101,tomato_sauce_in_basket,True,271,0,False,False,0,recorded_milestone_sub_evidence
0,0,101,basket_reachable,False,271,271,True,True,0,recorded_milestone_sub_evidence
0,0,101,final_goal_currently_satisfied,False,271,0,False,False,0,recorded_milestone_sub_evidence
0,0,131,alphabet_soup_lifted,False,271,98,True,False,1,recorded_milestone_sub_evidence
0,0,131,alphabet_soup_in_basket,True,271,74,True,True,0,recorded_milestone_sub_evidence
0,0,131,tomato_sauce_lifted,False,271,0,False,False,0,recorded_milestone_sub_evidence
0,0,131,tomato_sauce_in_basket,True,271,0,False,False,0,recorded_milestone_sub_evidence
0,0,131,basket_reachable,False,271,271,True,True,0,recorded_milestone_sub_evidence
0,0,131,final_goal_currently_satisfied,False,271,0,False,False,0,recorded_milestone_sub_evidence
0,1,101,alphabet_soup_lifted,False,271,66,True,False,1,recorded_milestone_sub_evidence
0,1,101,alphabet_soup_in_basket,True,271,121,True,True,0,recorded_milestone_sub_evidence
0,1,101,tomato_sauce_lifted,False,271,47,True,True,0,recorded_milestone_sub_evidence
0,1,101,tomato_sauce_in_basket,True,271,0,False,False,0,recorded_milestone_sub_evidence
0,1,101,basket_reachable,False,271,271,True,True,0,recorded_milestone_sub_evidence
0,1,101,final_goal_currently_satisfied,False,271,0,False,False,0,recorded_milestone_sub_evidence
0,1,131,alphabet_soup_lifted,False,271,66,True,False,1,recorded_milestone_sub_evidence
0,1,131,alphabet_soup_in_basket,True,271,121,True,True,0,recorded_milestone_sub_evidence
0,1,131,tomato_sauce_lifted,False,271,47,True,True,0,recorded_milestone_sub_evidence
0,1,131,tomato_sauce_in_basket,True,271,0,False,False,0,recorded_milestone_sub_evidence
0,1,131,basket_reachable,False,271,271,True,True,0,recorded_milestone_sub_evidence
0,1,131,final_goal_currently_satisfied,False,271,0,False,False,0,recorded_milestone_sub_evidence
0,2,101,alphabet_soup_lifted,False,271,86,True,False,1,recorded_milestone_sub_evidence
0,2,101,alphabet_soup_in_basket,True,271,101,True,True,0,recorded_milestone_sub_evidence
0,2,101,tomato_sauce_lifted,False,271,0,False,False,0,recorded_milestone_sub_evidence
0,2,101,tomato_sauce_in_basket,True,271,0,False,False,0,recorded_milestone_sub_evidence
0,2,101,basket_reachable,False,271,271,True,True,0,recorded_milestone_sub_evidence
0,2,101,final_goal_currently_satisfied,False,271,0,False,False,0,recorded_milestone_sub_evidence
0,2,131,alphabet_soup_lifted,False,271,86,True,False,1,recorded_milestone_sub_evidence
0,2,131,alphabet_soup_in_basket,True,271,101,True,True,0,recorded_milestone_sub_evidence
0,2,131,tomato_sauce_lifted,False,271,0,False,False,0,recorded_milestone_sub_evidence
0,2,131,tomato_sauce_in_basket,True,271,0,False,False,0,recorded_milestone_sub_evidence
0,2,131,basket_reachable,False,271,271,True,True,0,recorded_milestone_sub_evidence
0,2,131,final_goal_currently_satisfied,False,271,0,False,False,0,recorded_milestone_sub_evidence
0,3,101,alphabet_soup_lifted,False,271,81,True,False,1,recorded_milestone_sub_evidence
0,3,101,alphabet_soup_in_basket,True,271,94,True,True,0,recorded_milestone_sub_evidence
0,3,101,tomato_sauce_lifted,False,271,13,True,True,0,recorded_milestone_sub_evidence
0,3,101,tomato_sauce_in_basket,True,271,0,False,False,0,recorded_milestone_sub_evidence
0,3,101,basket_reachable,False,271,271,True,True,0,recorded_milestone_sub_evidence
0,3,101,final_goal_currently_satisfied,False,271,0,False,False,0,recorded_milestone_sub_evidence
0,3,131,alphabet_soup_lifted,False,271,81,True,False,1,recorded_milestone_sub_evidence
0,3,131,alphabet_soup_in_basket,True,271,94,True,True,0,recorded_milestone_sub_evidence
0,3,131,tomato_sauce_lifted,False,271,13,True,True,0,recorded_milestone_sub_evidence
0,3,131,tomato_sauce_in_basket,True,271,0,False,False,0,recorded_milestone_sub_evidence
0,3,131,basket_reachable,False,271,271,True,True,0,recorded_milestone_sub_evidence
0,3,131,final_goal_currently_satisfied,False,271,0,False,False,0,recorded_milestone_sub_evidence
0,4,101,alphabet_soup_lifted,False,271,0,False,False,0,recorded_milestone_sub_evidence
0,4,101,alphabet_soup_in_basket,True,271,0,False,False,0,recorded_milestone_sub_evidence
0,4,101,tomato_sauce_lifted,False,271,0,False,False,0,recorded_milestone_sub_evidence
0,4,101,tomato_sauce_in_basket,True,271,0,False,False,0,recorded_milestone_sub_evidence
0,4,101,basket_reachable,False,271,271,True,True,0,recorded_milestone_sub_evidence
0,4,101,final_goal_currently_satisfied,False,271,0,False,False,0,recorded_milestone_sub_evidence
0,4,131,alphabet_soup_lifted,False,271,0,False,False,0,recorded_milestone_sub_evidence
0,4,131,alphabet_soup_in_basket,True,271,0,False,False,0,recorded_milestone_sub_evidence
0,4,131,tomato_sauce_lifted,False,271,0,False,False,0,recorded_milestone_sub_evidence
0,4,131,tomato_sauce_in_basket,True,271,0,False,False,0,recorded_milestone_sub_evidence
0,4,131,basket_reachable,False,271,271,True,True,0,recorded_milestone_sub_evidence
0,4,131,final_goal_currently_satisfied,False,271,0,False,False,0,recorded_milestone_sub_evidence
1,0,101,cream_cheese_lifted,False,261,67,True,False,1,recorded_milestone_sub_evidence
1,0,101,cream_cheese_in_basket,True,261,119,True,True,0,recorded_milestone_sub_evidence
1,0,101,butter_lifted,False,261,43,True,True,0,recorded_milestone_sub_evidence
1,0,101,butter_in_basket,True,261,1,True,True,0,recorded_milestone_sub_evidence
1,0,101,basket_reachable,False,261,261,True,True,0,recorded_milestone_sub_evidence
1,0,101,final_goal_currently_satisfied,False,261,1,True,True,0,recorded_milestone_sub_evidence
1,0,131,cream_cheese_lifted,False,261,67,True,False,1,recorded_milestone_sub_evidence
1,0,131,cream_cheese_in_basket,True,261,119,True,True,0,recorded_milestone_sub_evidence
1,0,131,butter_lifted,False,261,43,True,True,0,recorded_milestone_sub_evidence
1,0,131,butter_in_basket,True,261,1,True,True,0,recorded_milestone_sub_evidence
1,0,131,basket_reachable,False,261,261,True,True,0,recorded_milestone_sub_evidence
1,0,131,final_goal_currently_satisfied,False,261,1,True,True,0,recorded_milestone_sub_evidence
1,1,101,cream_cheese_lifted,False,271,71,True,False,1,recorded_milestone_sub_evidence
1,1,101,cream_cheese_in_basket,True,271,119,True,True,0,recorded_milestone_sub_evidence
1,1,101,butter_lifted,False,271,36,True,True,0,recorded_milestone_sub_evidence
1,1,101,butter_in_basket,True,271,0,False,False,0,recorded_milestone_sub_evidence
1,1,101,basket_reachable,False,271,271,True,True,0,recorded_milestone_sub_evidence
1,1,101,final_goal_currently_satisfied,False,271,0,False,False,0,recorded_milestone_sub_evidence
1,1,131,cream_cheese_lifted,False,271,71,True,False,1,recorded_milestone_sub_evidence
1,1,131,cream_cheese_in_basket,True,271,119,True,True,0,recorded_milestone_sub_evidence
1,1,131,butter_lifted,False,271,36,True,True,0,recorded_milestone_sub_evidence
1,1,131,butter_in_basket,True,271,0,False,False,0,recorded_milestone_sub_evidence
1,1,131,basket_reachable,False,271,271,True,True,0,recorded_milestone_sub_evidence
1,1,131,final_goal_currently_satisfied,False,271,0,False,False,0,recorded_milestone_sub_evidence
1,2,101,cream_cheese_lifted,False,271,71,True,False,2,recorded_milestone_sub_evidence
1,2,101,cream_cheese_in_basket,True,271,133,True,True,0,recorded_milestone_sub_evidence
1,2,101,butter_lifted,False,271,0,False,False,0,recorded_milestone_sub_evidence
1,2,101,butter_in_basket,True,271,0,False,False,0,recorded_milestone_sub_evidence
1,2,101,basket_reachable,False,271,271,True,True,0,recorded_milestone_sub_evidence
1,2,101,final_goal_currently_satisfied,False,271,0,False,False,0,recorded_milestone_sub_evidence
1,2,131,cream_cheese_lifted,False,271,71,True,False,2,recorded_milestone_sub_evidence
1,2,131,cream_cheese_in_basket,True,271,133,True,True,0,recorded_milestone_sub_evidence
1,2,131,butter_lifted,False,271,0,False,False,0,recorded_milestone_sub_evidence
1,2,131,butter_in_basket,True,271,0,False,False,0,recorded_milestone_sub_evidence
1,2,131,basket_reachable,False,271,271,True,True,0,recorded_milestone_sub_evidence
1,2,131,final_goal_currently_satisfied,False,271,0,False,False,0,recorded_milestone_sub_evidence
1,3,101,cream_cheese_lifted,False,271,87,True,False,1,recorded_milestone_sub_evidence
1,3,101,cream_cheese_in_basket,True,271,91,True,True,0,recorded_milestone_sub_evidence
1,3,101,butter_lifted,False,271,28,True,True,0,recorded_milestone_sub_evidence
1,3,101,butter_in_basket,True,271,0,False,False,0,recorded_milestone_sub_evidence
1,3,101,basket_reachable,False,271,271,True,True,0,recorded_milestone_sub_evidence
1,3,101,final_goal_currently_satisfied,False,271,0,False,False,0,recorded_milestone_sub_evidence
1,3,131,cream_cheese_lifted,False,271,87,True,False,1,recorded_milestone_sub_evidence
1,3,131,cream_cheese_in_basket,True,271,91,True,True,0,recorded_milestone_sub_evidence
1,3,131,butter_lifted,False,271,28,True,True,0,recorded_milestone_sub_evidence
1,3,131,butter_in_basket,True,271,0,False,False,0,recorded_milestone_sub_evidence
1,3,131,basket_reachable,False,271,271,True,True,0,recorded_milestone_sub_evidence
1,3,131,final_goal_currently_satisfied,False,271,0,False,False,0,recorded_milestone_sub_evidence
1,4,101,cream_cheese_lifted,False,253,62,True,False,1,recorded_milestone_sub_evidence
1,4,101,cream_cheese_in_basket,True,253,114,True,True,0,recorded_milestone_sub_evidence
1,4,101,butter_lifted,False,253,52,True,True,0,recorded_milestone_sub_evidence
1,4,101,butter_in_basket,True,253,1,True,True,0,recorded_milestone_sub_evidence
1,4,101,basket_reachable,False,253,253,True,True,0,recorded_milestone_sub_evidence
1,4,101,final_goal_currently_satisfied,False,253,1,True,True,0,recorded_milestone_sub_evidence
1,4,131,cream_cheese_lifted,False,253,62,True,False,1,recorded_milestone_sub_evidence
1,4,131,cream_cheese_in_basket,True,253,114,True,True,0,recorded_milestone_sub_evidence
1,4,131,butter_lifted,False,253,52,True,True,0,recorded_milestone_sub_evidence
1,4,131,butter_in_basket,True,253,1,True,True,0,recorded_milestone_sub_evidence
1,4,131,basket_reachable,False,253,253,True,True,0,recorded_milestone_sub_evidence
1,4,131,final_goal_currently_satisfied,False,253,1,True,True,0,recorded_milestone_sub_evidence
4,0,101,white_mug_lifted,False,241,0,False,False,0,recorded_milestone_sub_evidence
4,0,101,white_mug_on_left_plate,True,241,135,True,True,2,recorded_milestone_sub_evidence
4,0,101,yellow_white_mug_lifted,False,241,0,False,False,0,recorded_milestone_sub_evidence
4,0,101,yellow_white_mug_on_right_plate,True,241,1,True,True,0,recorded_milestone_sub_evidence
4,0,101,left_plate_reachable,False,241,241,True,True,0,recorded_milestone_sub_evidence
4,0,101,right_plate_reachable,False,241,241,True,True,0,recorded_milestone_sub_evidence
4,0,101,final_goal_currently_satisfied,False,241,1,True,True,0,recorded_milestone_sub_evidence
4,0,131,white_mug_lifted,False,241,0,False,False,0,recorded_milestone_sub_evidence
4,0,131,white_mug_on_left_plate,True,241,135,True,True,2,recorded_milestone_sub_evidence
4,0,131,yellow_white_mug_lifted,False,241,0,False,False,0,recorded_milestone_sub_evidence
4,0,131,yellow_white_mug_on_right_plate,True,241,1,True,True,0,recorded_milestone_sub_evidence
4,0,131,left_plate_reachable,False,241,241,True,True,0,recorded_milestone_sub_evidence
4,0,131,right_plate_reachable,False,241,241,True,True,0,recorded_milestone_sub_evidence
4,0,131,final_goal_currently_satisfied,False,241,1,True,True,0,recorded_milestone_sub_evidence
4,1,101,white_mug_lifted,False,271,0,False,False,0,recorded_milestone_sub_evidence
4,1,101,white_mug_on_left_plate,True,271,10,True,False,2,recorded_milestone_sub_evidence
4,1,101,yellow_white_mug_lifted,False,271,15,True,False,1,recorded_milestone_sub_evidence
4,1,101,yellow_white_mug_on_right_plate,True,271,0,False,False,0,recorded_milestone_sub_evidence
4,1,101,left_plate_reachable,False,271,271,True,True,0,recorded_milestone_sub_evidence
4,1,101,right_plate_reachable,False,271,271,True,True,0,recorded_milestone_sub_evidence
4,1,101,final_goal_currently_satisfied,False,271,0,False,False,0,recorded_milestone_sub_evidence
4,1,131,white_mug_lifted,False,271,0,False,False,0,recorded_milestone_sub_evidence
4,1,131,white_mug_on_left_plate,True,271,10,True,False,2,recorded_milestone_sub_evidence
4,1,131,yellow_white_mug_lifted,False,271,15,True,False,1,recorded_milestone_sub_evidence
4,1,131,yellow_white_mug_on_right_plate,True,271,0,False,False,0,recorded_milestone_sub_evidence
4,1,131,left_plate_reachable,False,271,271,True,True,0,recorded_milestone_sub_evidence
4,1,131,right_plate_reachable,False,271,271,True,True,0,recorded_milestone_sub_evidence
4,1,131,final_goal_currently_satisfied,False,271,0,False,False,0,recorded_milestone_sub_evidence
4,2,101,white_mug_lifted,False,219,7,True,False,1,recorded_milestone_sub_evidence
4,2,101,white_mug_on_left_plate,True,219,112,True,True,0,recorded_milestone_sub_evidence
4,2,101,yellow_white_mug_lifted,False,219,0,False,False,0,recorded_milestone_sub_evidence
4,2,101,yellow_white_mug_on_right_plate,True,219,1,True,True,0,recorded_milestone_sub_evidence
4,2,101,left_plate_reachable,False,219,219,True,True,0,recorded_milestone_sub_evidence
4,2,101,right_plate_reachable,False,219,219,True,True,0,recorded_milestone_sub_evidence
4,2,101,final_goal_currently_satisfied,False,219,1,True,True,0,recorded_milestone_sub_evidence
4,2,131,white_mug_lifted,False,219,7,True,False,1,recorded_milestone_sub_evidence
4,2,131,white_mug_on_left_plate,True,219,112,True,True,0,recorded_milestone_sub_evidence
4,2,131,yellow_white_mug_lifted,False,219,0,False,False,0,recorded_milestone_sub_evidence
4,2,131,yellow_white_mug_on_right_plate,True,219,1,True,True,0,recorded_milestone_sub_evidence
4,2,131,left_plate_reachable,False,219,219,True,True,0,recorded_milestone_sub_evidence
4,2,131,right_plate_reachable,False,219,219,True,True,0,recorded_milestone_sub_evidence
4,2,131,final_goal_currently_satisfied,False,219,1,True,True,0,recorded_milestone_sub_evidence
4,3,101,white_mug_lifted,False,271,0,False,False,0,recorded_milestone_sub_evidence
4,3,101,white_mug_on_left_plate,True,271,146,True,True,2,recorded_milestone_sub_evidence
4,3,101,yellow_white_mug_lifted,False,271,0,False,False,0,recorded_milestone_sub_evidence
4,3,101,yellow_white_mug_on_right_plate,True,271,0,False,False,0,recorded_milestone_sub_evidence
4,3,101,left_plate_reachable,False,271,271,True,True,0,recorded_milestone_sub_evidence
4,3,101,right_plate_reachable,False,271,271,True,True,0,recorded_milestone_sub_evidence
4,3,101,final_goal_currently_satisfied,False,271,0,False,False,0,recorded_milestone_sub_evidence
4,3,131,white_mug_lifted,False,271,0,False,False,0,recorded_milestone_sub_evidence
4,3,131,white_mug_on_left_plate,True,271,146,True,True,2,recorded_milestone_sub_evidence
4,3,131,yellow_white_mug_lifted,False,271,0,False,False,0,recorded_milestone_sub_evidence
4,3,131,yellow_white_mug_on_right_plate,True,271,0,False,False,0,recorded_milestone_sub_evidence
4,3,131,left_plate_reachable,False,271,271,True,True,0,recorded_milestone_sub_evidence
4,3,131,right_plate_reachable,False,271,271,True,True,0,recorded_milestone_sub_evidence
4,3,131,final_goal_currently_satisfied,False,271,0,False,False,0,recorded_milestone_sub_evidence
4,4,101,white_mug_lifted,False,271,0,False,False,0,recorded_milestone_sub_evidence
4,4,101,white_mug_on_left_plate,True,271,145,True,True,1,recorded_milestone_sub_evidence
4,4,101,yellow_white_mug_lifted,False,271,0,False,False,0,recorded_milestone_sub_evidence
4,4,101,yellow_white_mug_on_right_plate,True,271,0,False,False,0,recorded_milestone_sub_evidence
4,4,101,left_plate_reachable,False,271,271,True,True,0,recorded_milestone_sub_evidence
4,4,101,right_plate_reachable,False,271,271,True,True,0,recorded_milestone_sub_evidence
4,4,101,final_goal_currently_satisfied,False,271,0,False,False,0,recorded_milestone_sub_evidence
4,4,131,white_mug_lifted,False,271,0,False,False,0,recorded_milestone_sub_evidence
4,4,131,white_mug_on_left_plate,True,271,145,True,True,1,recorded_milestone_sub_evidence
4,4,131,yellow_white_mug_lifted,False,271,0,False,False,0,recorded_milestone_sub_evidence
4,4,131,yellow_white_mug_on_right_plate,True,271,0,False,False,0,recorded_milestone_sub_evidence
4,4,131,left_plate_reachable,False,271,271,True,True,0,recorded_milestone_sub_evidence
4,4,131,right_plate_reachable,False,271,271,True,True,0,recorded_milestone_sub_evidence
4,4,131,final_goal_currently_satisfied,False,271,0,False,False,0,recorded_milestone_sub_evidence
8,0,101,right_moka_pot_lifted,False,271,0,False,False,0,recorded_milestone_sub_evidence
8,0,101,right_moka_pot_on_stove,True,271,0,False,False,0,recorded_milestone_sub_evidence
8,0,101,left_moka_pot_lifted,False,271,33,True,False,1,recorded_milestone_sub_evidence
8,0,101,left_moka_pot_on_stove,True,271,54,True,True,1,recorded_milestone_sub_evidence
8,0,101,stove_remains_on,True,271,271,True,True,0,recorded_milestone_sub_evidence
8,0,101,final_goal_currently_satisfied,False,271,0,False,False,0,recorded_milestone_sub_evidence
8,0,131,right_moka_pot_lifted,False,271,0,False,False,0,recorded_milestone_sub_evidence
8,0,131,right_moka_pot_on_stove,True,271,0,False,False,0,recorded_milestone_sub_evidence
8,0,131,left_moka_pot_lifted,False,271,33,True,False,1,recorded_milestone_sub_evidence
8,0,131,left_moka_pot_on_stove,True,271,54,True,True,1,recorded_milestone_sub_evidence
8,0,131,stove_remains_on,True,271,271,True,True,0,recorded_milestone_sub_evidence
8,0,131,final_goal_currently_satisfied,False,271,0,False,False,0,recorded_milestone_sub_evidence
8,1,101,right_moka_pot_lifted,False,271,0,False,False,0,recorded_milestone_sub_evidence
8,1,101,right_moka_pot_on_stove,True,271,0,False,False,0,recorded_milestone_sub_evidence
8,1,101,left_moka_pot_lifted,False,271,33,True,False,1,recorded_milestone_sub_evidence
8,1,101,left_moka_pot_on_stove,True,271,40,True,True,0,recorded_milestone_sub_evidence
8,1,101,stove_remains_on,True,271,271,True,True,0,recorded_milestone_sub_evidence
8,1,101,final_goal_currently_satisfied,False,271,0,False,False,0,recorded_milestone_sub_evidence
8,1,131,right_moka_pot_lifted,False,271,0,False,False,0,recorded_milestone_sub_evidence
8,1,131,right_moka_pot_on_stove,True,271,0,False,False,0,recorded_milestone_sub_evidence
8,1,131,left_moka_pot_lifted,False,271,33,True,False,1,recorded_milestone_sub_evidence
8,1,131,left_moka_pot_on_stove,True,271,40,True,True,0,recorded_milestone_sub_evidence
8,1,131,stove_remains_on,True,271,271,True,True,0,recorded_milestone_sub_evidence
8,1,131,final_goal_currently_satisfied,False,271,0,False,False,0,recorded_milestone_sub_evidence
8,2,101,right_moka_pot_lifted,False,271,0,False,False,0,recorded_milestone_sub_evidence
8,2,101,right_moka_pot_on_stove,True,271,0,False,False,0,recorded_milestone_sub_evidence
8,2,101,left_moka_pot_lifted,False,271,30,True,False,1,recorded_milestone_sub_evidence
8,2,101,left_moka_pot_on_stove,True,271,81,True,True,0,recorded_milestone_sub_evidence
8,2,101,stove_remains_on,True,271,271,True,True,0,recorded_milestone_sub_evidence
8,2,101,final_goal_currently_satisfied,False,271,0,False,False,0,recorded_milestone_sub_evidence
8,2,131,right_moka_pot_lifted,False,271,0,False,False,0,recorded_milestone_sub_evidence
8,2,131,right_moka_pot_on_stove,True,271,0,False,False,0,recorded_milestone_sub_evidence
8,2,131,left_moka_pot_lifted,False,271,30,True,False,1,recorded_milestone_sub_evidence
8,2,131,left_moka_pot_on_stove,True,271,81,True,True,0,recorded_milestone_sub_evidence
8,2,131,stove_remains_on,True,271,271,True,True,0,recorded_milestone_sub_evidence
8,2,131,final_goal_currently_satisfied,False,271,0,False,False,0,recorded_milestone_sub_evidence
8,3,101,right_moka_pot_lifted,False,271,0,False,False,0,recorded_milestone_sub_evidence
8,3,101,right_moka_pot_on_stove,True,271,0,False,False,0,recorded_milestone_sub_evidence
8,3,101,left_moka_pot_lifted,False,271,50,True,False,1,recorded_milestone_sub_evidence
8,3,101,left_moka_pot_on_stove,True,271,13,True,True,0,recorded_milestone_sub_evidence
8,3,101,stove_remains_on,True,271,271,True,True,0,recorded_milestone_sub_evidence
8,3,101,final_goal_currently_satisfied,False,271,0,False,False,0,recorded_milestone_sub_evidence
8,3,131,right_moka_pot_lifted,False,271,0,False,False,0,recorded_milestone_sub_evidence
8,3,131,right_moka_pot_on_stove,True,271,0,False,False,0,recorded_milestone_sub_evidence
8,3,131,left_moka_pot_lifted,False,271,50,True,False,1,recorded_milestone_sub_evidence
8,3,131,left_moka_pot_on_stove,True,271,13,True,True,0,recorded_milestone_sub_evidence
8,3,131,stove_remains_on,True,271,271,True,True,0,recorded_milestone_sub_evidence
8,3,131,final_goal_currently_satisfied,False,271,0,False,False,0,recorded_milestone_sub_evidence
8,4,101,right_moka_pot_lifted,False,271,0,False,False,0,recorded_milestone_sub_evidence
8,4,101,right_moka_pot_on_stove,True,271,0,False,False,0,recorded_milestone_sub_evidence
8,4,101,left_moka_pot_lifted,False,271,0,False,False,0,recorded_milestone_sub_evidence
8,4,101,left_moka_pot_on_stove,True,271,0,False,False,0,recorded_milestone_sub_evidence
8,4,101,stove_remains_on,True,271,271,True,True,0,recorded_milestone_sub_evidence
8,4,101,final_goal_currently_satisfied,False,271,0,False,False,0,recorded_milestone_sub_evidence
8,4,131,right_moka_pot_lifted,False,271,0,False,False,0,recorded_milestone_sub_evidence
8,4,131,right_moka_pot_on_stove,True,271,0,False,False,0,recorded_milestone_sub_evidence
8,4,131,left_moka_pot_lifted,False,271,0,False,False,0,recorded_milestone_sub_evidence
8,4,131,left_moka_pot_on_stove,True,271,0,False,False,0,recorded_milestone_sub_evidence
8,4,131,stove_remains_on,True,271,271,True,True,0,recorded_milestone_sub_evidence
8,4,131,final_goal_currently_satisfied,False,271,0,False,False,0,recorded_milestone_sub_evidence
