action_count,b_object,c_object,cell_success,d_object,done_object,failure_class,final_action_sha256,prefix_action_sha256,prefix_orientation,prefix_success,prefix_trace,regrasp_activated,simulator_sha256,state_id,task_id,terminal_placement_success,terminal_stability_success,terminal_trace
351,tomato_sauce_1,cream_cheese_1,True,butter_1,alphabet_soup_1,,b8c53d92b092bfb23be26bf789673680e560657263166cef283c2e463a53907a,0507391ac4681ed4aac8dd6cd158cfd4467ba98ca358e78bb7cbc81ca7874a69,forward,True,"[{""b"":false,""c"":false,""d"":false,""done"":true},{""b"":false,""c"":false,""d"":false,""done"":true},{""b"":false,""c"":false,""d"":false,""done"":true},{""b"":false,""c"":false,""d"":false,""done"":true},{""b"":false,""c"":false,""d"":false,""done"":true}]",False,5b1ea4d2bb6e01d14d4881b9adb588039773daa882cd9d6782ef90f8343e2d08,0,0,True,True,"[{""b"":false,""c"":false,""d"":true,""done"":true},{""b"":false,""c"":false,""d"":true,""done"":true},{""b"":false,""c"":false,""d"":true,""done"":true},{""b"":false,""c"":false,""d"":true,""done"":true},{""b"":false,""c"":false,""d"":true,""done"":true}]"
351,tomato_sauce_1,cream_cheese_1,True,butter_1,alphabet_soup_1,,967ba4d447cdc0c8275fad385dd0f22b12f77a1cfd6e73d1a63cd79c704a1743,30828ebbf89bf3473a55aa0c4c9305ab54f5aa446aab84bf24b042443b55454b,forward,True,"[{""b"":false,""c"":false,""d"":false,""done"":true},{""b"":false,""c"":false,""d"":false,""done"":true},{""b"":false,""c"":false,""d"":false,""done"":true},{""b"":false,""c"":false,""d"":false,""done"":true},{""b"":false,""c"":false,""d"":false,""done"":true}]",False,60b6c5b0ed735b7985653f3482b4889316dc12d4cfec1e4b777c3e4d77e48980,1,0,True,True,"[{""b"":false,""c"":false,""d"":true,""done"":true},{""b"":false,""c"":false,""d"":true,""done"":true},{""b"":false,""c"":false,""d"":true,""done"":true},{""b"":false,""c"":false,""d"":true,""done"":true},{""b"":false,""c"":false,""d"":true,""done"":true}]"
346,tomato_sauce_1,cream_cheese_1,True,butter_1,alphabet_soup_1,,798302150f5c29e27897e6afd3e61c4536a4d829cc7177445751b4fedcc37393,52449b290e0b99af2d682db859973119a8dc569df87a5ebb24833725d1b04889,forward,True,"[{""b"":false,""c"":false,""d"":false,""done"":true},{""b"":false,""c"":false,""d"":false,""done"":true},{""b"":false,""c"":false,""d"":false,""done"":true},{""b"":false,""c"":false,""d"":false,""done"":true},{""b"":false,""c"":false,""d"":false,""done"":true}]",False,b07d103772dbbd3d906ede66a9d593e1ca44f7231e78f36de620b640987d6f66,2,0,True,True,"[{""b"":false,""c"":false,""d"":true,""done"":true},{""b"":false,""c"":false,""d"":true,""done"":true},{""b"":false,""c"":false,""d"":true,""done"":true},{""b"":false,""c"":false,""d"":true,""done"":true},{""b"":false,""c"":false,""d"":true,""done"":true}]"
353,tomato_sauce_1,cream_cheese_1,True,butter_1,alphabet_soup_1,,8643461b997668eda47939ae80f3a4a50184526cfc3a17b8509c9bfe17b74726,9efd7b614ebb18cf885261ca88964d75020c60b2d783d26367a266d5a617f214,forward,True,"[{""b"":false,""c"":false,""d"":false,""done"":true},{""b"":false,""c"":false,""d"":false,""done"":true},{""b"":false,""c"":false,""d"":false,""done"":true},{""b"":false,""c"":false,""d"":false,""done"":true},{""b"":false,""c"":false,""d"":false,""done"":true}]",False,75bf5f6b79cc0a4a2be3b74e49c14124450a9954e056bf526414818ce89c87cc,3,0,True,True,"[{""b"":false,""c"":false,""d"":true,""done"":true},{""b"":false,""c"":false,""d"":true,""done"":true},{""b"":false,""c"":false,""d"":true,""done"":true},{""b"":false,""c"":false,""d"":true,""done"":true},{""b"":false,""c"":false,""d"":true,""done"":true}]"
379,tomato_sauce_1,cream_cheese_1,True,butter_1,alphabet_soup_1,,b58ebe6aaf7f692135918a8545781b093693cf06f802046ddab2a98e11fec15d,09327018095dc86d618296c35fa2c7328c2aba150cb70fe3ab62fbbd927e3efa,forward,True,"[{""b"":false,""c"":false,""d"":false,""done"":true},{""b"":false,""c"":false,""d"":false,""done"":true},{""b"":false,""c"":false,""d"":false,""done"":true},{""b"":false,""c"":false,""d"":false,""done"":true},{""b"":false,""c"":false,""d"":false,""done"":true}]",False,9b657cd0d26198d0964510f429238858e66d934de92dfb02fe723477a61c8e2a,4,0,True,True,"[{""b"":false,""c"":false,""d"":true,""done"":true},{""b"":false,""c"":false,""d"":true,""done"":true},{""b"":false,""c"":false,""d"":true,""done"":true},{""b"":false,""c"":false,""d"":true,""done"":true},{""b"":false,""c"":false,""d"":true,""done"":true}]"
393,tomato_sauce_1,cream_cheese_1,True,butter_1,alphabet_soup_1,,5efe27b10f9be206da4f7dd8a1405864ca58c8e24942a4ddc51aaefcaa743005,7d3925428097aed07d53ecb9c9600f003afaf8c3187a84e981bb368d04903b32,forward,True,"[{""b"":false,""c"":false,""d"":false,""done"":true},{""b"":false,""c"":false,""d"":false,""done"":true},{""b"":false,""c"":false,""d"":false,""done"":true},{""b"":false,""c"":false,""d"":false,""done"":true},{""b"":false,""c"":false,""d"":false,""done"":true}]",False,609e0834c74cba9e12c7c8877ea7eeb337fd77b3c128c69082fae0c01efd77c7,5,0,True,True,"[{""b"":false,""c"":false,""d"":true,""done"":true},{""b"":false,""c"":false,""d"":true,""done"":true},{""b"":false,""c"":false,""d"":true,""done"":true},{""b"":false,""c"":false,""d"":true,""done"":true},{""b"":false,""c"":false,""d"":true,""done"":true}]"
348,tomato_sauce_1,cream_cheese_1,True,butter_1,alphabet_soup_1,,075c294f4e8d78a4cf5233ff82d19d350a16f5f4552ed4e68f407da8fa0b936e,a8932aa306c4aa70dbca8359dc6591ae3e83bff8e6d2ec76a49662e00668cb89,forward,True,"[{""b"":false,""c"":false,""d"":false,""done"":true},{""b"":false,""c"":false,""d"":false,""done"":true},{""b"":false,""c"":false,""d"":false,""done"":true},{""b"":false,""c"":false,""d"":false,""done"":true},{""b"":false,""c"":false,""d"":false,""done"":true}]",False,ca859a483a5c25232541b02878acb685acd19cec8724ea3387e3cb93b9538354,6,0,True,True,"[{""b"":false,""c"":false,""d"":true,""done"":true},{""b"":false,""c"":false,""d"":true,""done"":true},{""b"":false,""c"":false,""d"":true,""done"":true},{""b"":false,""c"":false,""d"":true,""done"":true},{""b"":false,""c"":false,""d"":true,""done"":true}]"
347,tomato_sauce_1,cream_cheese_1,True,butter_1,alphabet_soup_1,,d24742e41fa98033fbf5e26e2915716db6d638079673ccc69b859d120072c737,4e4caa74beb638465b8a0a80e5b0f2381092ca91e3b7bad86f371ad7df377538,forward,True,"[{""b"":false,""c"":false,""d"":false,""done"":true},{""b"":false,""c"":false,""d"":false,""done"":true},{""b"":false,""c"":false,""d"":false,""done"":true},{""b"":false,""c"":false,""d"":false,""done"":true},{""b"":false,""c"":false,""d"":false,""done"":true}]",False,1edc9207866a4bb26b775a77543e640b2f15aa529d84dd8d4e36e441f7abf1e9,7,0,True,True,"[{""b"":false,""c"":false,""d"":true,""done"":true},{""b"":false,""c"":false,""d"":true,""done"":true},{""b"":false,""c"":false,""d"":true,""done"":true},{""b"":false,""c"":false,""d"":true,""done"":true},{""b"":false,""c"":false,""d"":true,""done"":true}]"
348,tomato_sauce_1,cream_cheese_1,True,butter_1,alphabet_soup_1,,e1096840f050d2fdcc8438790a76c574577c7af8092ffbfae16dc2e59bf265df,af3442f4bcc1ee1ea7e8f990f508dd4a36d474ab5e5965682f189233c12724c6,forward,True,"[{""b"":false,""c"":false,""d"":false,""done"":true},{""b"":false,""c"":false,""d"":false,""done"":true},{""b"":false,""c"":false,""d"":false,""done"":true},{""b"":false,""c"":false,""d"":false,""done"":true},{""b"":false,""c"":false,""d"":false,""done"":true}]",False,42c32dc326275c034bc111b0912a6a9d5c8c8d867e5912d05a527c2c16c3b67b,8,0,True,True,"[{""b"":false,""c"":false,""d"":true,""done"":true},{""b"":false,""c"":false,""d"":true,""done"":true},{""b"":false,""c"":false,""d"":true,""done"":true},{""b"":false,""c"":false,""d"":true,""done"":true},{""b"":false,""c"":false,""d"":true,""done"":true}]"
345,tomato_sauce_1,cream_cheese_1,True,butter_1,alphabet_soup_1,,5d712c0d6ea1c391dbc28ce88f053398cf1f19871b04da2324cb761f185968f8,b202c9c9212de8b7cc8780d48db8cb25e2a216d00898b9c77788c14f83eb6b57,forward,True,"[{""b"":false,""c"":false,""d"":false,""done"":true},{""b"":false,""c"":false,""d"":false,""done"":true},{""b"":false,""c"":false,""d"":false,""done"":true},{""b"":false,""c"":false,""d"":false,""done"":true},{""b"":false,""c"":false,""d"":false,""done"":true}]",False,9b14dae4185b3db0e174015997faf7429f2219ed1884f01a42fda5676f264ed8,9,0,True,True,"[{""b"":false,""c"":false,""d"":true,""done"":true},{""b"":false,""c"":false,""d"":true,""done"":true},{""b"":false,""c"":false,""d"":true,""done"":true},{""b"":false,""c"":false,""d"":true,""done"":true},{""b"":false,""c"":false,""d"":true,""done"":true}]"
336,alphabet_soup_1,cream_cheese_1,True,butter_1,tomato_sauce_1,,967de9b55b4ab22d8cad9aabd04139b0b567c5ef4cedcf10f55f0c58da32f70e,391b297428756407b7c27741c3909950f313a33d297baf67da17e156fdbf720c,reverse,True,"[{""b"":false,""c"":false,""d"":false,""done"":true},{""b"":false,""c"":false,""d"":false,""done"":true},{""b"":false,""c"":false,""d"":false,""done"":true},{""b"":false,""c"":false,""d"":false,""done"":true},{""b"":false,""c"":false,""d"":false,""done"":true}]",False,9639600226c67610017a1669aadfcb0105dbd69bf888ef72143b2a6601647ea8,0,0,True,True,"[{""b"":false,""c"":false,""d"":true,""done"":true},{""b"":false,""c"":false,""d"":true,""done"":true},{""b"":false,""c"":false,""d"":true,""done"":true},{""b"":false,""c"":false,""d"":true,""done"":true},{""b"":false,""c"":false,""d"":true,""done"":true}]"
338,alphabet_soup_1,cream_cheese_1,True,butter_1,tomato_sauce_1,,7a3fa14b67c6940c2c1e9ff15f57ae5fee05ff12039297ad8fee592303edf855,45e659db0a2ec7a498978c6cda7ea04c20fc2f6e4246e61900f33e499e68280a,reverse,True,"[{""b"":false,""c"":false,""d"":false,""done"":true},{""b"":false,""c"":false,""d"":false,""done"":true},{""b"":false,""c"":false,""d"":false,""done"":true},{""b"":false,""c"":false,""d"":false,""done"":true},{""b"":false,""c"":false,""d"":false,""done"":true}]",False,db93dda73f473ddb3fa1ddc9fd724686fee8ed8286d26ab5b5df73fe65b34f7f,1,0,True,True,"[{""b"":false,""c"":false,""d"":true,""done"":true},{""b"":false,""c"":false,""d"":true,""done"":true},{""b"":false,""c"":false,""d"":true,""done"":true},{""b"":false,""c"":false,""d"":true,""done"":true},{""b"":false,""c"":false,""d"":true,""done"":true}]"
328,alphabet_soup_1,cream_cheese_1,True,butter_1,tomato_sauce_1,,a166f478bb9192a82b1f4c03c8c382e52ef3d7e4c04b9592d7a38345b37eca2f,73fdfb548848fc8d8ded0eaf77b866dd267b4897f750cb2a9e57189479ac81a1,reverse,True,"[{""b"":false,""c"":false,""d"":false,""done"":true},{""b"":false,""c"":false,""d"":false,""done"":true},{""b"":false,""c"":false,""d"":false,""done"":true},{""b"":false,""c"":false,""d"":false,""done"":true},{""b"":false,""c"":false,""d"":false,""done"":true}]",False,cd60d7d5e26c0156b0c14f578151697b28f284931678b2a9a024dd8b66164e92,2,0,True,True,"[{""b"":false,""c"":false,""d"":true,""done"":true},{""b"":false,""c"":false,""d"":true,""done"":true},{""b"":false,""c"":false,""d"":true,""done"":true},{""b"":false,""c"":false,""d"":true,""done"":true},{""b"":false,""c"":false,""d"":true,""done"":true}]"
334,alphabet_soup_1,cream_cheese_1,True,butter_1,tomato_sauce_1,,7e4932f5aa88e29055da1835088e81d2d3b10f423f3dec547f54fad3f8ede6fd,e361db9a2c156ab7c2074a6ed9a39bbff5026addd9cb2d240e3043cdcc05441a,reverse,True,"[{""b"":false,""c"":false,""d"":false,""done"":true},{""b"":false,""c"":false,""d"":false,""done"":true},{""b"":false,""c"":false,""d"":false,""done"":true},{""b"":false,""c"":false,""d"":false,""done"":true},{""b"":false,""c"":false,""d"":false,""done"":true}]",False,809f6e5fc24671f3e98e3a17202e5857b16c2b1794cbcc547c1c075c3704b5bf,3,0,True,True,"[{""b"":false,""c"":false,""d"":true,""done"":true},{""b"":false,""c"":false,""d"":true,""done"":true},{""b"":false,""c"":false,""d"":true,""done"":true},{""b"":false,""c"":false,""d"":true,""done"":true},{""b"":false,""c"":false,""d"":true,""done"":true}]"
361,alphabet_soup_1,cream_cheese_1,True,butter_1,tomato_sauce_1,,7534a673359671b78c6549d4bb0ebe543e9f1cdb4c3d9f5bad0c37875a9fe62f,9ff5dbe676a6da05b7e330dc7466403394b940e74e3c8302e83a334faddc78c0,reverse,True,"[{""b"":false,""c"":false,""d"":false,""done"":true},{""b"":false,""c"":false,""d"":false,""done"":true},{""b"":false,""c"":false,""d"":false,""done"":true},{""b"":false,""c"":false,""d"":false,""done"":true},{""b"":false,""c"":false,""d"":false,""done"":true}]",False,ef20225ed2d7243ba5b9f9a03effcd1774f3212e10408ae211482bf0e0b404bf,4,0,True,True,"[{""b"":false,""c"":false,""d"":true,""done"":true},{""b"":false,""c"":false,""d"":true,""done"":true},{""b"":false,""c"":false,""d"":true,""done"":true},{""b"":false,""c"":false,""d"":true,""done"":true},{""b"":false,""c"":false,""d"":true,""done"":true}]"
339,alphabet_soup_1,cream_cheese_1,True,butter_1,tomato_sauce_1,,35ca20418de5c2bff9886baaa7c7670bf6b44eded611d24cd76c5ce090b10dc9,31c75c1357a31b1b5f3698cbf87b2b9c3edf33ce0269221574ae0248f25cd517,reverse,True,"[{""b"":false,""c"":false,""d"":false,""done"":true},{""b"":false,""c"":false,""d"":false,""done"":true},{""b"":false,""c"":false,""d"":false,""done"":true},{""b"":false,""c"":false,""d"":false,""done"":true},{""b"":false,""c"":false,""d"":false,""done"":true}]",False,728d373a054b0584c88f8596f5f658218e3900775cb790cb824389503aac72b4,5,0,True,True,"[{""b"":false,""c"":false,""d"":true,""done"":true},{""b"":false,""c"":false,""d"":true,""done"":true},{""b"":false,""c"":false,""d"":true,""done"":true},{""b"":false,""c"":false,""d"":true,""done"":true},{""b"":false,""c"":false,""d"":true,""done"":true}]"
326,alphabet_soup_1,cream_cheese_1,True,butter_1,tomato_sauce_1,,2a56c36fd05f0ccf1be2d6c3091711925cc458958687fb14016f660200ca2809,b831f7dbdc119f270692a682c321870ec683bd43e87260572880f92e5c42fb64,reverse,True,"[{""b"":false,""c"":false,""d"":false,""done"":true},{""b"":false,""c"":false,""d"":false,""done"":true},{""b"":false,""c"":false,""d"":false,""done"":true},{""b"":false,""c"":false,""d"":false,""done"":true},{""b"":false,""c"":false,""d"":false,""done"":true}]",False,913d4a18ac84e55569d6363741a3f0385dcf8d140b1079568090cc9b6b7b02b6,6,0,True,True,"[{""b"":false,""c"":false,""d"":true,""done"":true},{""b"":false,""c"":false,""d"":true,""done"":true},{""b"":false,""c"":false,""d"":true,""done"":true},{""b"":false,""c"":false,""d"":true,""done"":true},{""b"":false,""c"":false,""d"":true,""done"":true}]"
353,alphabet_soup_1,cream_cheese_1,True,butter_1,tomato_sauce_1,,fcc03295c7549cb808ff536963b31a3c6d98f5da0c78a8330efc02054bc3b19a,596fcb780285330d2df4be96ea861a6ba7084e96a145a08f7ef638b7eb2b6723,reverse,True,"[{""b"":false,""c"":false,""d"":false,""done"":true},{""b"":false,""c"":false,""d"":false,""done"":true},{""b"":false,""c"":false,""d"":false,""done"":true},{""b"":false,""c"":false,""d"":false,""done"":true},{""b"":false,""c"":false,""d"":false,""done"":true}]",False,70fbec390d4e4f688e9d0a1f07439ea55d4e27a2f445cab1ec1a80d06d2d24f5,7,0,True,True,"[{""b"":false,""c"":false,""d"":true,""done"":true},{""b"":false,""c"":false,""d"":true,""done"":true},{""b"":false,""c"":false,""d"":true,""done"":true},{""b"":false,""c"":false,""d"":true,""done"":true},{""b"":false,""c"":false,""d"":true,""done"":true}]"
333,alphabet_soup_1,cream_cheese_1,True,butter_1,tomato_sauce_1,,8ce080c5c461cf9b79ff1da7bb3a2a2faa537cc1e8f67eb5ab002e487544a467,48797713539ada57d57e8683eee6de4ba52afdbf85a8016eaca0b869b228130b,reverse,True,"[{""b"":false,""c"":false,""d"":false,""done"":true},{""b"":false,""c"":false,""d"":false,""done"":true},{""b"":false,""c"":false,""d"":false,""done"":true},{""b"":false,""c"":false,""d"":false,""done"":true},{""b"":false,""c"":false,""d"":false,""done"":true}]",False,d645480c3b9928eb44cd26803eca36b3f04e2552fbb934d4259922dfa47b545d,8,0,True,True,"[{""b"":false,""c"":false,""d"":true,""done"":true},{""b"":false,""c"":false,""d"":true,""done"":true},{""b"":false,""c"":false,""d"":true,""done"":true},{""b"":false,""c"":false,""d"":true,""done"":true},{""b"":false,""c"":false,""d"":true,""done"":true}]"
330,alphabet_soup_1,cream_cheese_1,True,butter_1,tomato_sauce_1,,c48b8d7d9d80c85d857f97be6214bb635b4373faad86af6c42e0a81a7f6f5822,30c4cabd090f788cc2758d9cab0e76f7c7a6d639d3267ffff50ffc75c7f86ab3,reverse,True,"[{""b"":false,""c"":false,""d"":false,""done"":true},{""b"":false,""c"":false,""d"":false,""done"":true},{""b"":false,""c"":false,""d"":false,""done"":true},{""b"":false,""c"":false,""d"":false,""done"":true},{""b"":false,""c"":false,""d"":false,""done"":true}]",False,ea5f876c9ae6b7527669939eaff87e91cc156195ae058bef9cb667c47afd9b22,9,0,True,True,"[{""b"":false,""c"":false,""d"":true,""done"":true},{""b"":false,""c"":false,""d"":true,""done"":true},{""b"":false,""c"":false,""d"":true,""done"":true},{""b"":false,""c"":false,""d"":true,""done"":true},{""b"":false,""c"":false,""d"":true,""done"":true}]"
